Item,Color,Style,Gender,Height,Rating
T-shirt,Green,Sporty,F,189,4.04
Jacket,Black,Casual,F,185,3.66
Blouse,Green,Sporty,F,161,3.0
Sneakers,Brown,Casual,M,186,4.9
Jacket,Green,Formal,F,158,3.74
Skirt,Blue,Sporty,F,189,4.36
Shorts,White,Formal,M,167,4.88
Jeans,Purple,Casual,M,196,3.12
Jacket,Black,Sporty,M,180,3.68
T-shirt,Gray,Sporty,M,181,4.84
T-shirt,Yellow,Formal,M,165,3.95
Jacket,Pink,Formal,M,198,4.55
Sneakers,White,Casual,M,176,4.98
Blouse,Brown,Sporty,F,157,4.87
Jeans,Pink,Sporty,M,189,3.57
Shorts,Blue,Casual,F,174,3.47
Sweater,Black,Sporty,F,154,4.93
Sneakers,Green,Sporty,M,152,4.77
Sneakers,Purple,Formal,F,197,4.32
Jeans,Black,Casual,M,153,3.97
Sandals,Blue,Sporty,F,155,4.3
Dress,Black,Formal,F,178,4.57
Shorts,Green,Formal,M,187,3.87
Jeans,Yellow,Formal,F,200,4.75
Jacket,Purple,Casual,M,183,4.33
Skirt,Brown,Sporty,F,160,4.61
Shorts,Yellow,Casual,F,172,3.49
Shorts,Gray,Formal,F,183,4.09
Jacket,Pink,Sporty,M,191,4.66
Shorts,Pink,Formal,M,197,4.17
Jeans,Purple,Sporty,F,176,3.22
Jacket,Purple,Casual,M,162,3.44
T-shirt,Purple,Casual,F,170,3.35
Jeans,Blue,Formal,M,155,4.97
Sneakers,Yellow,Casual,M,195,4.12
Jacket,Blue,Formal,M,173,4.07
Sweater,Gray,Sporty,F,153,4.05
Jeans,Red,Sporty,F,179,4.87
Sneakers,Brown,Sporty,M,154,4.16
Shorts,Yellow,Casual,F,170,3.49
Jeans,Brown,Formal,M,175,4.33
Sneakers,Gray,Casual,M,192,4.45
Dress,Purple,Formal,F,159,3.18
Blouse,Green,Sporty,F,196,4.55
Shorts,White,Formal,M,191,3.24
T-shirt,Pink,Sporty,M,176,3.21
Jeans,White,Casual,F,173,3.29
T-shirt,Red,Casual,M,167,3.68
Jacket,Green,Casual,F,177,3.02
Jeans,Brown,Sporty,M,197,3.85
Sandals,Purple,Sporty,F,181,3.68
Sneakers,Purple,Casual,F,166,4.7
Sweater,White,Sporty,F,193,4.36
Shorts,Black,Casual,M,152,3.55
Jeans,Purple,Sporty,F,163,3.17
Jacket,Red,Formal,F,177,4.36
Jacket,Red,Formal,M,196,3.96
Shorts,Green,Casual,F,153,3.53
T-shirt,Black,Sporty,M,197,4.08
Sneakers,Yellow,Sporty,F,193,3.37
Shorts,Pink,Formal,M,200,3.86
T-shirt,Pink,Formal,F,200,4.08
Skirt,Red,Sporty,F,154,3.37
T-shirt,Gray,Casual,M,188,4.15
Sneakers,Yellow,Formal,M,185,4.0
T-shirt,Purple,Casual,M,170,4.72
Shorts,Green,Sporty,F,165,3.33
Jeans,Black,Sporty,F,172,4.09
Sneakers,Green,Sporty,F,181,4.96
Shorts,Red,Formal,M,169,3.04
Shorts,Gray,Sporty,M,168,4.5
Shorts,White,Casual,F,180,3.12
Jacket,Brown,Casual,M,183,4.62
Jeans,Red,Sporty,F,163,3.84
Blouse,Purple,Sporty,F,187,4.64
T-shirt,Gray,Formal,M,196,3.76
Jeans,Red,Sporty,M,198,4.96
T-shirt,Gray,Formal,F,156,3.7
Sandals,Yellow,Sporty,F,153,3.82
Jeans,Pink,Casual,M,199,3.59
Blouse,Yellow,Sporty,F,190,4.25
Shorts,Purple,Casual,M,192,3.98
Sweater,Black,Sporty,F,150,3.92
Jeans,Green,Sporty,M,174,3.44
Sandals,Pink,Sporty,F,175,4.23
Sneakers,Purple,Casual,M,188,3.91
T-shirt,Black,Casual,M,151,4.35
Shorts,Gray,Sporty,M,155,4.05
Skirt,Gray,Sporty,F,156,3.33
Sandals,Blue,Sporty,F,163,3.0
Shorts,White,Sporty,M,164,3.52
T-shirt,Gray,Formal,F,154,3.67
Skirt,White,Sporty,F,200,4.95
Jacket,Gray,Formal,M,193,4.44
Sweater,Blue,Sporty,F,189,3.66
Skirt,Green,Sporty,F,181,4.17
Shorts,Green,Formal,F,156,3.37
Shorts,Red,Sporty,M,199,4.77
Jeans,Blue,Sporty,M,157,4.77
Sneakers,Brown,Casual,M,155,3.55
Blouse,Brown,Sporty,F,160,3.63
Sandals,Blue,Sporty,F,167,3.39
Jeans,Purple,Casual,M,194,4.44
Jeans,Yellow,Casual,M,165,3.08
Shorts,White,Casual,M,156,3.02
Sneakers,Purple,Casual,F,187,4.04
T-shirt,Gray,Formal,M,159,4.89
Shorts,Pink,Sporty,F,170,3.31
Jacket,Yellow,Formal,F,176,4.27
Dress,Pink,Formal,F,189,3.87
Jacket,Yellow,Formal,F,183,3.56
T-shirt,Purple,Casual,M,167,3.92
Sneakers,Black,Sporty,M,163,4.94
Jacket,Black,Sporty,F,179,3.05
Sneakers,Yellow,Casual,M,171,3.66
Sandals,Purple,Sporty,F,171,3.16
T-shirt,Pink,Casual,M,151,3.97
Shorts,Green,Formal,M,178,4.97
Shorts,Blue,Formal,M,164,4.64
Jeans,Pink,Sporty,M,157,4.43
Shorts,Black,Formal,M,192,4.31
Sneakers,Black,Sporty,M,178,3.31
Jacket,Gray,Formal,M,183,3.63
Shorts,White,Formal,M,171,3.26
Skirt,Pink,Sporty,F,187,3.44
Jacket,Red,Casual,F,151,3.15
Shorts,Blue,Formal,M,176,3.97
Jeans,Green,Formal,F,167,4.44
Blouse,Pink,Sporty,F,150,3.97
Shorts,Blue,Casual,F,191,4.02
Dress,Purple,Formal,F,151,4.47
Shorts,White,Casual,M,176,4.53
Shorts,Purple,Formal,M,150,3.14
T-shirt,Brown,Casual,M,161,3.89
T-shirt,White,Casual,M,199,4.36
Sandals,Red,Sporty,F,173,3.5
Jacket,Blue,Formal,M,173,3.95
Jacket,Purple,Formal,M,192,4.59
Dress,Black,Formal,F,196,4.16
Shorts,White,Casual,F,197,3.89
Jacket,White,Sporty,M,181,4.45
Blouse,Brown,Sporty,F,180,4.0
Jeans,Yellow,Formal,F,168,4.55
Jacket,Pink,Casual,F,194,4.76
Jeans,Yellow,Casual,M,194,4.86
Jeans,Green,Sporty,M,199,3.16
Shorts,Blue,Formal,F,193,3.17
Dress,Brown,Formal,F,167,4.16
Jeans,Red,Formal,M,177,3.1
Sneakers,Black,Casual,F,159,3.12
Skirt,Purple,Sporty,F,184,3.38
T-shirt,White,Formal,M,192,3.95
Sneakers,Blue,Casual,F,165,3.94
Sneakers,White,Sporty,M,154,3.59
Jeans,Red,Casual,M,164,4.09
Shorts,Brown,Sporty,M,154,3.81
Jacket,Green,Sporty,M,172,3.29
Sneakers,Black,Casual,M,153,3.37
Jacket,Brown,Sporty,F,194,3.35
Jeans,Blue,Casual,M,194,4.79
T-shirt,Purple,Sporty,M,153,3.65
Jacket,Yellow,Casual,M,164,3.18
T-shirt,Blue,Casual,F,151,3.54
Shorts,Purple,Sporty,F,198,3.43
Jeans,White,Formal,M,171,4.87
Sneakers,Yellow,Sporty,M,172,4.8
Jeans,Blue,Sporty,M,181,3.25
Shorts,Green,Casual,M,162,4.22
Sandals,Green,Sporty,F,187,3.91
Sneakers,Blue,Casual,F,166,4.58
Sweater,Black,Sporty,F,171,3.84
T-shirt,Gray,Sporty,M,196,3.55
Blouse,Purple,Sporty,F,170,4.57
T-shirt,Yellow,Sporty,M,158,3.45
Jacket,Green,Sporty,M,176,4.16
Jacket,Purple,Sporty,M,184,3.63
T-shirt,Green,Sporty,M,197,4.49
Sandals,Gray,Sporty,F,184,3.55
Sneakers,Pink,Formal,M,186,3.06
Sweater,Pink,Sporty,F,195,3.22
Jeans,Pink,Sporty,F,194,3.51
Skirt,White,Sporty,F,172,4.07
Skirt,Pink,Sporty,F,167,4.51
Blouse,Yellow,Sporty,F,180,4.02
T-shirt,Brown,Formal,M,187,3.09
T-shirt,Black,Formal,F,167,4.99
T-shirt,Gray,Casual,M,198,4.28
Jacket,Brown,Sporty,F,163,3.93
T-shirt,Pink,Sporty,M,177,4.24
Jacket,Pink,Casual,F,171,4.53
Shorts,Blue,Formal,M,179,3.38
Jacket,Black,Casual,M,153,3.9
Blouse,Brown,Sporty,F,190,4.95
Sweater,Green,Sporty,F,178,4.66
Shorts,Gray,Casual,M,177,4.6
Sweater,Blue,Sporty,F,179,4.53
Sweater,Pink,Sporty,F,163,4.03
T-shirt,Gray,Formal,M,191,4.38
Jacket,Pink,Sporty,M,168,3.42
Shorts,Yellow,Casual,F,159,3.19
Sneakers,Blue,Casual,M,167,3.25
T-shirt,Yellow,Casual,M,175,4.37
Jacket,Green,Casual,M,155,3.73
Jacket,Black,Formal,F,162,4.13
Sneakers,Yellow,Casual,M,184,3.41
T-shirt,Red,Casual,M,200,4.17
T-shirt,Red,Sporty,F,187,3.21
Jacket,White,Formal,F,182,4.13
Jeans,Purple,Sporty,M,179,3.03
Sneakers,Gray,Formal,M,156,3.41
Shorts,Brown,Sporty,M,196,4.03
Shorts,Purple,Sporty,M,186,3.17
Shorts,Blue,Casual,M,198,4.7
Jeans,White,Casual,F,168,3.03
Shorts,Red,Formal,M,162,3.79
Shorts,Blue,Sporty,M,158,4.37
Sandals,Pink,Sporty,F,185,4.81
Blouse,Brown,Sporty,F,180,3.8
Jeans,Green,Casual,M,165,4.96
Sneakers,Brown,Formal,F,169,3.38
Jacket,Red,Casual,M,157,3.26
T-shirt,Gray,Formal,M,168,3.75
Shorts,Yellow,Formal,M,183,3.02
Sneakers,Brown,Sporty,M,151,3.38
Sneakers,Blue,Sporty,M,173,3.52
Blouse,Green,Sporty,F,184,4.13
Sneakers,White,Sporty,M,156,4.9
Jeans,Brown,Sporty,M,151,3.65
Shorts,Gray,Sporty,M,169,3.9
Sandals,Yellow,Sporty,F,180,3.42
Blouse,White,Sporty,F,176,3.97
T-shirt,Green,Formal,F,151,4.81
Skirt,Blue,Sporty,F,170,4.23
Jeans,Red,Casual,M,163,3.38
Skirt,Purple,Sporty,F,176,4.23
T-shirt,Gray,Sporty,M,184,3.23
Skirt,Pink,Sporty,F,195,3.97
Sandals,Pink,Sporty,F,153,4.64
Dress,White,Formal,F,167,4.05
Sneakers,Green,Casual,F,156,3.6
Sneakers,Blue,Formal,M,174,4.22
Shorts,Pink,Casual,F,186,4.94
Sweater,White,Sporty,F,162,3.98
Shorts,Black,Casual,M,192,4.83
Shorts,Pink,Sporty,M,175,3.9
Blouse,White,Sporty,F,188,3.91
Jeans,Red,Casual,F,155,4.87
Shorts,Pink,Casual,M,150,3.99
Jeans,Red,Sporty,F,183,3.78
Sweater,Brown,Sporty,F,191,4.05
Sneakers,Gray,Sporty,M,151,4.01
Shorts,Pink,Sporty,F,197,4.16
Jeans,Red,Casual,F,152,4.99
Jacket,Red,Sporty,F,161,4.08
Shorts,Brown,Casual,M,150,4.06
Jacket,Blue,Sporty,F,150,3.87
Sweater,White,Sporty,F,155,3.21
Shorts,Yellow,Sporty,M,184,3.19
Jacket,Pink,Formal,F,165,3.92
Skirt,Yellow,Sporty,F,161,3.37
Sneakers,Red,Formal,F,151,3.67
Sneakers,Black,Formal,M,198,4.35
Jacket,Red,Casual,F,189,4.77
Sneakers,Red,Casual,M,199,5.0
Sandals,Red,Sporty,F,189,4.61
Shorts,Purple,Sporty,M,171,3.17
Jacket,Blue,Sporty,M,200,4.76
T-shirt,Blue,Casual,M,169,4.17
T-shirt,Brown,Casual,M,187,4.33
Shorts,Pink,Sporty,F,176,4.91
Skirt,Black,Sporty,F,189,4.21
Shorts,Green,Formal,M,193,3.53
Jacket,White,Casual,M,185,3.65
Jeans,Purple,Formal,M,151,4.11
Sneakers,Blue,Casual,M,167,3.6
Jacket,Black,Sporty,F,163,3.9
Dress,Black,Formal,F,151,4.62
Sneakers,Brown,Casual,M,175,3.56
Jacket,Yellow,Casual,M,181,3.21
Sneakers,Black,Formal,M,153,3.24
Sandals,Black,Sporty,F,176,3.74
Sandals,Pink,Sporty,F,174,4.05
Sneakers,Pink,Formal,F,160,3.45
Blouse,Green,Sporty,F,175,3.19
Skirt,Pink,Sporty,F,181,4.98
T-shirt,Red,Formal,M,159,4.71
Skirt,White,Sporty,F,154,3.02
Jacket,Pink,Formal,M,178,3.48
Sandals,Red,Sporty,F,195,3.11
Skirt,White,Sporty,F,159,3.99
Sneakers,Gray,Formal,F,167,4.5
T-shirt,Red,Sporty,F,187,3.94
Sandals,Blue,Sporty,F,154,4.62
Sneakers,Brown,Sporty,F,174,3.55
Sweater,Purple,Sporty,F,171,3.9
T-shirt,Gray,Formal,F,152,3.47
T-shirt,Purple,Formal,M,160,3.89
Dress,Green,Formal,F,165,3.09
Sneakers,Pink,Sporty,M,196,3.29
Shorts,White,Sporty,M,192,3.22
Shorts,Yellow,Formal,F,170,3.87
T-shirt,Red,Formal,M,167,3.67
Jeans,Black,Sporty,M,178,3.59
Sneakers,Brown,Sporty,M,154,3.81
Jeans,Black,Formal,M,199,3.49
Jacket,Yellow,Formal,M,196,3.3
Sweater,Green,Sporty,F,187,4.06
Shorts,Brown,Casual,F,155,3.04
Sneakers,Purple,Casual,F,198,3.41
Shorts,Green,Formal,F,184,3.38
Jeans,Pink,Sporty,F,160,3.8
Sneakers,Yellow,Sporty,F,169,4.58
Shorts,Yellow,Sporty,F,162,4.74
Sweater,Black,Sporty,F,194,4.87
T-shirt,Green,Casual,M,158,4.15
Shorts,Green,Sporty,M,175,4.34
Sandals,Black,Sporty,F,158,3.54
Jacket,Purple,Sporty,M,186,4.83
Sweater,Blue,Sporty,F,170,3.36
Skirt,Gray,Sporty,F,160,3.62
Sneakers,Black,Sporty,F,178,4.13
T-shirt,Black,Formal,M,150,4.15
Sneakers,Brown,Casual,M,196,4.35
Sweater,Blue,Sporty,F,192,4.03
T-shirt,Brown,Casual,M,169,4.29
Sneakers,Purple,Casual,M,168,4.22
Shorts,Blue,Sporty,M,193,4.77
T-shirt,Pink,Sporty,F,171,3.76
Shorts,Red,Formal,M,175,4.95
Sneakers,Blue,Formal,M,197,3.98
Jeans,Brown,Sporty,M,171,4.22
Dress,Blue,Formal,F,181,4.17
Jeans,Yellow,Sporty,M,156,4.48
Shorts,Purple,Formal,F,199,4.02
T-shirt,Purple,Formal,M,185,3.72
Blouse,Black,Sporty,F,159,3.45
Shorts,Pink,Sporty,F,166,4.96
Shorts,Blue,Sporty,M,198,4.51
Sneakers,Red,Sporty,F,183,3.14
Jeans,Gray,Casual,M,197,4.59
Skirt,Gray,Sporty,F,182,3.02
Shorts,Green,Formal,M,192,4.33
T-shirt,Black,Sporty,F,192,3.26
Jacket,Blue,Casual,M,164,3.89
Jacket,Red,Casual,M,197,4.1
Blouse,White,Sporty,F,190,3.53
Shorts,Red,Sporty,M,153,3.77
Skirt,Red,Sporty,F,175,3.36
Dress,Green,Formal,F,189,4.76
Sweater,Brown,Sporty,F,166,4.38
Skirt,Yellow,Sporty,F,173,3.88
T-shirt,Black,Casual,F,188,3.99
T-shirt,Pink,Casual,M,195,4.75
Shorts,Brown,Casual,M,168,4.51
Shorts,Pink,Formal,F,183,4.25
Sneakers,Purple,Formal,F,182,4.05
T-shirt,Blue,Sporty,F,166,3.27
Jacket,Pink,Casual,F,180,4.04
Jacket,Purple,Formal,M,176,3.52
Jeans,Green,Formal,M,163,3.63
Blouse,Brown,Sporty,F,172,4.23
Jeans,Gray,Sporty,F,174,4.65
Dress,Blue,Formal,F,162,4.31
Sneakers,White,Formal,M,200,3.44
Jacket,Pink,Sporty,F,177,3.23
Sandals,Black,Sporty,F,155,3.3
Jacket,Yellow,Formal,M,151,4.76
Sneakers,Gray,Casual,M,168,3.5
Blouse,Black,Sporty,F,185,3.34
T-shirt,Green,Casual,M,158,4.0
Sneakers,Red,Sporty,M,184,4.3
Jacket,Red,Casual,F,200,3.34
Shorts,Green,Sporty,M,190,4.64
Jacket,Yellow,Formal,M,195,3.76
Blouse,Gray,Sporty,F,157,4.65
Skirt,Gray,Sporty,F,161,4.77
Jeans,Blue,Casual,F,184,4.56
T-shirt,Black,Formal,M,162,3.32
Jacket,Green,Casual,F,166,3.84
Jeans,Red,Sporty,M,177,3.82
Sweater,Gray,Sporty,F,155,4.94
Jeans,White,Formal,M,193,3.95
Jacket,Green,Sporty,M,195,3.13
Jacket,Black,Casual,M,191,4.02
Sneakers,Green,Formal,M,161,4.83
Blouse,Gray,Sporty,F,187,4.85
Shorts,Blue,Sporty,F,192,4.54
Shorts,Blue,Casual,F,168,4.4
Skirt,Black,Sporty,F,152,3.42
Sandals,Blue,Sporty,F,153,4.3
Jeans,Purple,Sporty,M,162,4.33
Sneakers,Pink,Sporty,M,195,3.66
Sneakers,Gray,Formal,M,193,4.9
Shorts,Green,Formal,M,191,4.59
Sweater,Pink,Sporty,F,160,4.17
Jeans,Blue,Sporty,F,176,4.42
Skirt,Yellow,Sporty,F,159,4.34
T-shirt,Yellow,Sporty,F,155,3.51
Shorts,Green,Sporty,M,198,3.76
T-shirt,Red,Sporty,F,161,3.15
Shorts,White,Casual,M,167,3.63
Jacket,Brown,Sporty,F,187,4.37
Blouse,Green,Sporty,F,176,3.97
Dress,Brown,Formal,F,190,4.55
Blouse,Red,Sporty,F,188,4.67
Shorts,Pink,Formal,F,170,4.23
Jeans,Gray,Formal,M,198,3.95
Sneakers,Brown,Formal,M,184,3.66
Jacket,Blue,Formal,F,157,4.78
Jeans,Black,Sporty,M,151,4.64
Shorts,Pink,Sporty,M,162,4.3
Shorts,Black,Casual,M,185,4.22
Jeans,Red,Sporty,F,172,4.12
Jacket,Pink,Formal,F,185,4.91
Shorts,Gray,Casual,M,165,3.02
T-shirt,Gray,Casual,F,164,4.44
Shorts,Purple,Formal,F,151,4.1
Sneakers,White,Formal,M,154,3.03
Skirt,White,Sporty,F,192,3.35
Sneakers,Gray,Formal,M,199,4.85
Jeans,White,Formal,M,195,3.29
Sneakers,Yellow,Sporty,M,154,4.08
Jeans,Pink,Formal,M,188,4.99
Skirt,Brown,Sporty,F,155,3.52
Skirt,Blue,Sporty,F,200,4.65
T-shirt,Red,Sporty,M,171,3.31
Sneakers,Red,Sporty,M,183,4.51
Jeans,Black,Sporty,F,189,4.78
T-shirt,Gray,Sporty,F,184,3.58
Sandals,Blue,Sporty,F,177,4.51
Jeans,Purple,Casual,F,196,4.91
Sweater,Pink,Sporty,F,164,3.86
Jeans,Red,Casual,F,198,4.6
Jacket,Yellow,Casual,F,172,3.06
Sneakers,Black,Formal,M,166,4.96
Jacket,Blue,Casual,F,182,3.09
T-shirt,Blue,Sporty,M,182,3.16
Jeans,White,Casual,M,155,4.98
Shorts,Brown,Casual,F,170,3.67
Sandals,Pink,Sporty,F,171,3.95
Jacket,Green,Formal,M,195,3.28
Sneakers,Blue,Formal,F,198,3.07
Jeans,Black,Casual,M,199,4.74
Jacket,Red,Formal,F,159,4.66
Blouse,Black,Sporty,F,152,4.15
Sneakers,Gray,Formal,M,167,4.84
Sweater,Purple,Sporty,F,198,4.39
Sneakers,Red,Formal,M,163,3.22
Shorts,Red,Formal,M,153,4.04
Shorts,Black,Casual,F,150,4.98
Dress,Blue,Formal,F,191,3.78
Sweater,White,Sporty,F,177,3.3
Blouse,Brown,Sporty,F,169,3.86
T-shirt,Black,Casual,F,191,3.11
Shorts,Red,Sporty,F,160,4.4
Sandals,Red,Sporty,F,189,4.78
Jacket,Yellow,Casual,F,171,3.53
Jacket,Green,Casual,M,154,3.88
Sneakers,Green,Sporty,F,160,3.28
Jeans,Green,Casual,M,175,4.69
Jacket,Gray,Formal,F,180,3.92
Jeans,Black,Formal,M,186,4.56
T-shirt,White,Casual,M,179,3.55
Jeans,Brown,Casual,M,193,4.73
Jacket,Green,Formal,M,185,4.88
Shorts,Blue,Casual,M,169,4.91
Jeans,Green,Sporty,M,177,3.72
T-shirt,Brown,Formal,M,176,4.37
T-shirt,Purple,Casual,F,200,3.03
Sneakers,Pink,Sporty,M,152,3.22
Blouse,Green,Sporty,F,166,3.13
Shorts,Blue,Casual,M,180,4.36
Skirt,Gray,Sporty,F,177,4.89
T-shirt,Gray,Casual,M,179,4.43
T-shirt,Black,Casual,M,151,3.22
Sneakers,Blue,Sporty,F,164,3.91
Shorts,Purple,Casual,M,183,3.09
Shorts,Yellow,Casual,M,171,3.16
Skirt,Gray,Sporty,F,172,4.3
Sneakers,Black,Sporty,M,191,4.62
Jacket,Gray,Formal,F,189,3.1
Sweater,Pink,Sporty,F,193,4.43
Sandals,Brown,Sporty,F,160,3.2
Sneakers,Blue,Sporty,M,185,3.49
Sneakers,Green,Casual,M,197,4.91
Jacket,Yellow,Casual,F,155,3.68
Jacket,Blue,Sporty,M,171,4.84
Jeans,Blue,Casual,M,161,3.92
T-shirt,Blue,Formal,F,171,3.55
Jacket,Purple,Casual,M,170,4.68
Jeans,Pink,Sporty,M,188,3.47
Shorts,Gray,Sporty,M,198,4.4
Skirt,Yellow,Sporty,F,162,3.09
Skirt,Yellow,Sporty,F,156,3.78
Jeans,Green,Formal,M,152,3.46
Dress,Black,Formal,F,183,3.31
Shorts,Green,Formal,M,154,4.8
Shorts,White,Casual,M,194,3.01
Sneakers,Purple,Sporty,F,167,3.25
T-shirt,Blue,Casual,M,165,3.33
Shorts,Black,Formal,M,196,3.45
Sandals,Brown,Sporty,F,194,4.3
T-shirt,Brown,Casual,F,186,4.94
Sweater,Blue,Sporty,F,160,4.97
Shorts,Green,Casual,M,169,4.83
Dress,Green,Formal,F,194,3.77
Sneakers,Black,Formal,F,186,3.88
Jeans,Pink,Formal,M,199,3.54
Jacket,Purple,Casual,M,153,4.98
T-shirt,Blue,Formal,F,167,3.52
Jacket,Yellow,Formal,F,164,4.75
Sneakers,Yellow,Casual,F,164,4.04
Blouse,White,Sporty,F,166,4.74
Jacket,Gray,Sporty,F,181,3.86
T-shirt,White,Sporty,F,185,4.63
Sneakers,Purple,Formal,M,163,3.04
T-shirt,Brown,Formal,M,183,4.76
Jacket,White,Sporty,M,168,3.82
Blouse,Black,Sporty,F,167,4.2
T-shirt,Blue,Casual,M,200,4.06
Dress,Gray,Formal,F,153,3.08
Sneakers,Purple,Formal,F,184,3.4
Jacket,Blue,Formal,M,180,3.54
Sneakers,Black,Casual,M,189,3.88
Blouse,Brown,Sporty,F,150,3.45
Jeans,Black,Formal,M,176,3.78
Sneakers,Purple,Formal,F,171,5.0
Shorts,Purple,Casual,M,180,4.46
Dress,Gray,Formal,F,183,3.97
Jacket,Purple,Formal,M,152,4.34
Sandals,Red,Sporty,F,194,3.12
Skirt,Black,Sporty,F,154,3.39
Sneakers,Pink,Casual,M,191,3.77
Dress,Red,Formal,F,171,4.39
Sneakers,Green,Sporty,F,177,4.68
Jeans,Black,Formal,M,156,3.72
Jeans,Brown,Sporty,M,181,4.12
Jacket,Red,Casual,M,197,3.13
Sweater,Gray,Sporty,F,168,4.84
Dress,Red,Formal,F,179,3.22
T-shirt,Gray,Sporty,F,185,4.08
Jacket,Green,Formal,F,187,3.06
Sandals,Black,Sporty,F,185,3.17
Jacket,Yellow,Sporty,F,178,4.25
T-shirt,Green,Formal,F,196,4.8
Dress,Black,Formal,F,178,3.9
Jeans,Purple,Formal,M,157,4.59
Jeans,Black,Formal,M,189,3.74
Sneakers,Purple,Casual,M,180,3.09
Sweater,Green,Sporty,F,179,4.44
T-shirt,Black,Formal,M,161,3.58
Shorts,Purple,Sporty,F,170,4.8
Sneakers,Black,Sporty,M,199,3.68
Jacket,Pink,Sporty,M,156,4.03
Sweater,Yellow,Sporty,F,188,4.38
Sandals,Yellow,Sporty,F,155,3.11
Jacket,White,Formal,M,190,4.6
Sneakers,Red,Formal,F,159,4.68
T-shirt,Purple,Sporty,M,187,3.79
Shorts,Gray,Sporty,F,166,3.17
Jacket,Red,Casual,M,165,3.08
Skirt,Purple,Sporty,F,200,3.45
Sweater,White,Sporty,F,171,3.51
Jeans,Red,Casual,M,160,3.02
Skirt,Green,Sporty,F,155,4.57
Blouse,Purple,Sporty,F,194,4.17
Shorts,Gray,Formal,F,157,4.79
Sneakers,Green,Casual,F,198,4.01
Sneakers,Blue,Formal,F,161,3.22
Shorts,White,Sporty,M,198,4.25
T-shirt,Purple,Casual,M,167,4.65
T-shirt,Blue,Formal,M,155,3.27
T-shirt,Gray,Sporty,M,168,4.18
Dress,White,Formal,F,161,3.84
T-shirt,Blue,Sporty,M,150,4.11
Jacket,Red,Casual,F,195,4.76
Shorts,White,Casual,M,158,4.03
Jacket,Pink,Formal,F,166,4.6
Shorts,Gray,Casual,M,190,3.46
Dress,Purple,Formal,F,171,4.9
Sneakers,Green,Formal,M,193,4.78
Jeans,White,Sporty,M,180,4.43
Jeans,White,Casual,F,171,4.36
T-shirt,Pink,Casual,M,171,4.63
Shorts,Pink,Casual,M,163,4.34
Jeans,Gray,Formal,F,181,3.48
T-shirt,Yellow,Formal,M,186,3.4
Shorts,White,Formal,F,184,3.33
Jacket,Gray,Formal,F,164,3.52
Sneakers,Brown,Casual,M,185,4.68
Jacket,Red,Formal,F,196,4.69
Shorts,Purple,Formal,F,168,4.55
Dress,Gray,Formal,F,179,3.93
Jeans,Purple,Formal,M,195,4.94
Shorts,Purple,Casual,M,188,4.11
Sneakers,Brown,Casual,F,177,4.37
Shorts,Brown,Formal,M,192,4.62
Sneakers,Black,Formal,F,190,3.72
Shorts,Pink,Casual,F,185,3.32
Skirt,Red,Sporty,F,195,3.16
Sweater,Red,Sporty,F,165,3.58
Sneakers,Yellow,Sporty,F,175,3.55
T-shirt,Green,Sporty,M,174,4.76
T-shirt,Black,Casual,F,181,4.71
Sneakers,Black,Casual,M,200,3.85
Jacket,Yellow,Casual,M,178,3.69
Shorts,Brown,Casual,M,187,3.66
Jacket,Blue,Formal,M,198,3.24
T-shirt,Pink,Formal,M,159,4.58
Jacket,White,Formal,M,160,3.04
T-shirt,Red,Sporty,F,183,4.9
Sneakers,Black,Casual,M,199,4.74
Sandals,Green,Sporty,F,175,3.25
Sneakers,Blue,Sporty,F,172,4.0
Shorts,Green,Formal,F,174,3.38
Jeans,Yellow,Casual,M,166,4.37
Jacket,Purple,Casual,M,171,4.16
T-shirt,Green,Formal,M,154,3.8
Shorts,Green,Casual,F,151,4.33
T-shirt,White,Formal,M,169,3.73
Jacket,Red,Formal,M,159,3.17
Sneakers,Purple,Formal,M,179,4.25
Blouse,Black,Sporty,F,192,3.83
T-shirt,Pink,Casual,F,186,4.86
T-shirt,Black,Formal,F,193,3.79
Sneakers,Purple,Formal,F,199,3.41
Jeans,Brown,Formal,M,184,3.27
Jacket,White,Casual,M,173,3.35
Jeans,Green,Sporty,M,189,3.89
Blouse,Blue,Sporty,F,188,3.68
Sneakers,Blue,Casual,M,183,3.67
Jeans,Brown,Formal,F,156,4.98
Sandals,Black,Sporty,F,167,3.26
T-shirt,Blue,Formal,M,154,3.42
Blouse,Blue,Sporty,F,164,3.73
Sneakers,Purple,Casual,M,154,4.91
Blouse,Blue,Sporty,F,156,3.53
Jeans,Purple,Formal,F,158,4.66
Shorts,Brown,Sporty,M,198,3.88
Jacket,Yellow,Sporty,M,163,4.25
Sweater,Purple,Sporty,F,183,4.36
Jeans,White,Casual,M,193,4.75
T-shirt,Brown,Casual,F,157,3.72
Skirt,Green,Sporty,F,200,3.06
Blouse,Blue,Sporty,F,157,3.28
Sneakers,Black,Casual,M,192,3.93
Skirt,Yellow,Sporty,F,151,4.93
Sneakers,Gray,Sporty,F,156,4.43
Sandals,Purple,Sporty,F,177,4.0
Dress,Brown,Formal,F,155,4.6
Shorts,Red,Casual,M,170,4.7
Shorts,Purple,Casual,M,186,3.58
Shorts,Yellow,Formal,F,156,4.62
Skirt,Green,Sporty,F,152,3.8
Skirt,Blue,Sporty,F,186,3.69
Sandals,Brown,Sporty,F,192,3.48
Sneakers,Yellow,Formal,M,150,4.32
Blouse,Yellow,Sporty,F,187,4.92
Shorts,Black,Casual,M,156,4.79
Jeans,Red,Sporty,F,155,3.86
Jeans,White,Formal,M,198,4.81
Jeans,Yellow,Sporty,M,196,3.33
Shorts,Yellow,Formal,M,187,4.52
Blouse,Brown,Sporty,F,180,3.51
T-shirt,Green,Casual,F,183,4.09
Jeans,Purple,Sporty,M,156,4.52
T-shirt,Black,Sporty,M,170,4.59
Sneakers,Pink,Casual,M,190,4.04
Jeans,Yellow,Formal,F,193,4.97
Blouse,Purple,Sporty,F,179,4.26
Sneakers,White,Formal,F,161,3.38
Sneakers,Purple,Formal,M,157,3.74
Jeans,Purple,Formal,F,174,3.78
Jeans,Red,Formal,M,182,3.42
Sneakers,Pink,Casual,M,192,4.27
Blouse,Brown,Sporty,F,154,3.14
Dress,White,Formal,F,152,4.02
Shorts,Pink,Sporty,M,164,4.55
Jacket,Green,Casual,M,189,4.16
Sneakers,Red,Sporty,M,152,3.47
Jacket,Green,Formal,M,179,4.17
Shorts,Red,Sporty,M,188,4.66
Shorts,Green,Casual,M,157,4.06
Blouse,Purple,Sporty,F,170,3.36
T-shirt,Purple,Sporty,M,175,4.94
Sweater,Red,Sporty,F,191,4.53
Shorts,Blue,Formal,M,188,4.11
Sneakers,Blue,Formal,M,175,3.78
Dress,Pink,Formal,F,192,4.35
Jeans,Pink,Casual,F,174,3.51
Shorts,Red,Sporty,F,182,4.78
T-shirt,Yellow,Formal,M,153,3.33
Sneakers,Yellow,Sporty,F,169,3.89
T-shirt,Gray,Sporty,M,193,3.31
Jeans,Blue,Sporty,F,157,4.12
Jeans,White,Sporty,M,174,3.01
Shorts,Purple,Formal,M,186,4.85
Jeans,Black,Formal,M,153,4.28
Jacket,Gray,Formal,M,191,4.07
T-shirt,Blue,Casual,F,190,3.1
T-shirt,Green,Casual,F,183,3.28
Shorts,Green,Formal,M,161,3.57
Sandals,Black,Sporty,F,164,4.44
Jeans,Blue,Formal,M,167,4.44
Blouse,Green,Sporty,F,199,4.0
Shorts,Green,Casual,M,199,4.5
Jeans,Brown,Casual,M,173,4.78
Blouse,Blue,Sporty,F,168,3.09
Shorts,Purple,Sporty,F,151,4.24
Jacket,Green,Sporty,F,189,3.73
Sneakers,Blue,Sporty,M,158,4.94
Skirt,Blue,Sporty,F,193,3.59
Jeans,Green,Sporty,M,183,4.21
Dress,Pink,Formal,F,172,4.88
Sneakers,Purple,Formal,F,177,4.33
T-shirt,Brown,Casual,M,157,4.41
Sneakers,Gray,Sporty,M,159,3.11
Blouse,Gray,Sporty,F,199,3.22
Sneakers,Yellow,Casual,F,191,4.53
Jeans,Gray,Casual,F,154,3.37
Jacket,Pink,Formal,F,189,3.84
Jacket,Brown,Formal,F,156,3.47
Jeans,Pink,Sporty,M,176,4.64
T-shirt,Red,Formal,M,197,3.21
Dress,Yellow,Formal,F,182,4.72
Jeans,Brown,Formal,M,160,3.55
Jacket,Purple,Sporty,M,170,4.94
Sneakers,Black,Sporty,M,170,3.46
Skirt,Gray,Sporty,F,190,3.74
Blouse,Black,Sporty,F,194,4.08
Jacket,Gray,Sporty,M,191,4.78
Sneakers,Gray,Sporty,M,176,4.95
Sweater,White,Sporty,F,183,4.02
Shorts,Pink,Casual,M,156,3.14
Skirt,Green,Sporty,F,168,3.66
Shorts,Pink,Casual,F,194,4.78
Jacket,Yellow,Casual,M,180,3.86
Jeans,Pink,Sporty,M,158,3.21
Sandals,Black,Sporty,F,192,4.61
Jacket,Pink,Sporty,F,188,3.81
Jacket,Purple,Sporty,M,183,3.18
Shorts,Black,Sporty,M,158,3.48
Shorts,Yellow,Sporty,M,174,4.04
Shorts,Yellow,Formal,M,194,4.7
Sneakers,Red,Sporty,M,164,3.31
Shorts,White,Formal,M,165,4.46
Sneakers,Red,Sporty,M,180,3.06
Shorts,Pink,Sporty,M,180,3.4
Sneakers,Black,Sporty,F,167,3.08
Skirt,Blue,Sporty,F,195,4.93
Shorts,Black,Sporty,M,170,4.13
Sneakers,Red,Sporty,M,169,3.04
Shorts,Pink,Sporty,M,150,3.62
Jacket,Gray,Casual,F,184,3.04
Sweater,Blue,Sporty,F,194,3.42
T-shirt,Green,Formal,M,178,3.47
T-shirt,Yellow,Formal,M,183,4.02
Dress,Brown,Formal,F,183,3.47
Dress,Black,Formal,F,197,3.72
Blouse,Brown,Sporty,F,171,4.72
Sneakers,Yellow,Casual,M,150,4.29
Sneakers,Blue,Formal,M,156,4.74
Jeans,Blue,Formal,M,160,4.3
Jeans,White,Formal,F,169,4.95
T-shirt,Pink,Casual,F,170,3.15
Skirt,Purple,Sporty,F,152,4.41
Skirt,Brown,Sporty,F,192,3.93
T-shirt,White,Sporty,F,191,3.37
Shorts,Purple,Sporty,F,170,3.35
Blouse,Blue,Sporty,F,169,3.76
Shorts,Black,Casual,M,159,4.81
Shorts,Yellow,Sporty,M,155,4.58
Jacket,Purple,Casual,M,190,4.22
Jeans,Brown,Formal,M,159,4.15
Shorts,Gray,Sporty,M,171,4.63
Dress,Black,Formal,F,165,3.92
Jacket,Green,Formal,M,158,4.43
Sandals,Red,Sporty,F,197,3.63
T-shirt,Blue,Casual,M,178,4.03
Jeans,Red,Sporty,M,185,3.95
T-shirt,White,Formal,F,198,4.72
Shorts,White,Formal,F,180,3.58
Dress,Blue,Formal,F,165,3.07
Jeans,Black,Sporty,M,173,4.99
Shorts,Purple,Sporty,M,158,4.83
Shorts,Pink,Sporty,F,150,4.92
Blouse,Black,Sporty,F,182,4.61
Blouse,Purple,Sporty,F,180,3.58
Dress,White,Formal,F,156,4.76
Sneakers,Black,Casual,M,183,4.5
T-shirt,Pink,Formal,M,164,3.07
Sneakers,Black,Formal,M,160,4.8
Jacket,Brown,Sporty,M,192,3.25
Jeans,Pink,Casual,M,166,3.07
Jeans,Purple,Sporty,F,182,4.92
T-shirt,Brown,Formal,M,182,4.58
Jacket,Brown,Casual,F,174,3.34
T-shirt,Brown,Sporty,M,164,4.48
T-shirt,Red,Formal,M,192,4.25
Jeans,White,Casual,F,181,3.58
Skirt,Yellow,Sporty,F,185,3.58
T-shirt,Purple,Sporty,F,182,3.32
Sandals,Blue,Sporty,F,197,4.55
Dress,Red,Formal,F,160,4.55
Sandals,Pink,Sporty,F,164,4.89
Jacket,Brown,Sporty,M,197,3.84
T-shirt,Purple,Casual,M,189,4.75
Jacket,White,Casual,M,176,3.64
Sweater,Black,Sporty,F,188,3.95
Sweater,Yellow,Sporty,F,173,4.16
T-shirt,Green,Casual,M,163,4.56
Jacket,Blue,Sporty,F,179,4.14
Shorts,Green,Sporty,M,155,3.04
Dress,Black,Formal,F,196,4.47
Dress,Purple,Formal,F,175,3.48
Sweater,Purple,Sporty,F,180,3.06
T-shirt,Black,Casual,M,183,3.9
Sandals,Yellow,Sporty,F,182,4.09
Jacket,Black,Sporty,M,160,3.24
Sweater,Green,Sporty,F,186,3.56
Jeans,Blue,Sporty,F,169,3.43
Jacket,Purple,Sporty,M,180,4.45
Blouse,Purple,Sporty,F,160,4.13
Sneakers,Yellow,Formal,M,196,3.97
Blouse,Blue,Sporty,F,179,3.03
Skirt,Purple,Sporty,F,170,4.68
Jacket,White,Sporty,F,178,3.2
Jeans,Brown,Casual,M,163,4.64
Sneakers,Red,Formal,F,185,4.39
Shorts,Yellow,Sporty,F,187,4.03
Skirt,Green,Sporty,F,184,3.59
Jeans,Yellow,Casual,M,190,4.18
Sneakers,Pink,Sporty,M,188,3.99
Shorts,Black,Sporty,M,182,4.29
Sneakers,Black,Casual,M,154,3.67
T-shirt,Red,Formal,M,151,3.95
Shorts,Yellow,Casual,F,158,3.37
Jacket,Pink,Sporty,M,157,4.14
T-shirt,Blue,Sporty,M,166,3.97
Jacket,Pink,Formal,M,156,4.25
T-shirt,Gray,Formal,F,186,4.11
T-shirt,Gray,Sporty,M,158,4.11
T-shirt,Green,Casual,F,156,4.45
Sneakers,White,Formal,F,190,3.92
Jacket,Yellow,Sporty,M,174,4.12
Sweater,Black,Sporty,F,193,3.92
Blouse,Yellow,Sporty,F,169,3.1
Shorts,Pink,Formal,M,168,3.14
T-shirt,White,Formal,M,180,4.95
Jacket,Purple,Formal,M,160,3.6
Skirt,Red,Sporty,F,155,3.16
Shorts,Red,Sporty,M,186,4.01
Jacket,Brown,Casual,F,164,3.2
Jeans,Purple,Formal,F,199,3.24
Skirt,Yellow,Sporty,F,154,3.7
Sweater,Pink,Sporty,F,184,4.08
Sneakers,Blue,Formal,M,167,3.54
Shorts,Gray,Casual,M,179,4.41
Sneakers,Black,Casual,M,165,4.06
Shorts,White,Sporty,M,160,4.5
Sneakers,Pink,Formal,M,174,4.27
Jacket,Gray,Casual,M,154,3.6
Jacket,Red,Formal,M,166,4.83
Skirt,Green,Sporty,F,155,4.37
Sneakers,Purple,Casual,M,165,4.87
Jeans,Green,Sporty,M,191,3.05
Jeans,Green,Formal,F,177,3.5
Jeans,Brown,Casual,M,170,3.5
Shorts,Purple,Formal,M,175,3.75
Sneakers,Red,Formal,M,182,3.43
Shorts,Brown,Sporty,F,157,4.85
T-shirt,Purple,Casual,M,150,4.87
Jacket,White,Formal,M,197,3.8
Jacket,Black,Sporty,M,174,3.05
Jeans,White,Casual,M,198,3.27
Jacket,Gray,Formal,M,164,4.62
Jacket,Brown,Formal,M,180,4.91
Jeans,Brown,Sporty,M,180,4.52
Shorts,Black,Sporty,M,199,4.07
Dress,Red,Formal,F,170,3.83
T-shirt,Black,Formal,M,195,3.37
T-shirt,Pink,Casual,F,198,3.1
Jacket,Red,Formal,M,165,3.91
Sneakers,Blue,Formal,M,189,3.91
Skirt,Red,Sporty,F,188,4.62
Jacket,Purple,Casual,F,156,3.65
Jeans,Black,Formal,M,154,3.29
Sandals,Gray,Sporty,F,191,3.99
Sneakers,Green,Sporty,F,158,4.66
Jeans,Gray,Casual,M,163,4.83
Jacket,Yellow,Formal,M,189,3.83
Sneakers,Pink,Casual,M,200,4.26
Sweater,Yellow,Sporty,F,172,3.4
Jeans,Yellow,Sporty,M,193,4.08
Sneakers,Black,Formal,F,179,3.66
Sneakers,Red,Casual,F,182,4.67
Jacket,Red,Formal,M,166,3.02
Jacket,Yellow,Formal,M,177,3.49
Jacket,Purple,Sporty,M,171,4.07
T-shirt,White,Sporty,F,165,4.54
Jeans,Pink,Casual,F,187,4.61
Sneakers,Black,Sporty,F,156,3.21
Skirt,Blue,Sporty,F,184,3.71
Jeans,Green,Formal,F,161,4.89
Blouse,Yellow,Sporty,F,198,3.82
Sneakers,Blue,Formal,M,168,4.42
Shorts,Red,Sporty,M,163,4.06
Shorts,Black,Sporty,M,167,4.24
Sneakers,Pink,Casual,M,180,3.16
T-shirt,Blue,Casual,M,194,3.88
Shorts,White,Sporty,M,180,4.03
Sandals,Red,Sporty,F,198,4.27
Jacket,White,Formal,M,178,4.13
Shorts,Red,Sporty,M,184,4.91
Dress,Yellow,Formal,F,200,4.72
Sneakers,Yellow,Casual,M,169,4.36
Jacket,Black,Casual,F,155,3.7
Sneakers,Gray,Sporty,M,165,4.38
Jacket,Pink,Casual,M,172,4.44
Shorts,Blue,Sporty,M,164,4.45
Sneakers,Purple,Formal,F,182,4.46
Jacket,Pink,Casual,M,191,4.67
Jacket,Green,Sporty,M,159,4.39
Jeans,Green,Casual,M,161,4.03
Jacket,White,Casual,M,158,4.89
Sneakers,Purple,Sporty,M,179,4.89
Shorts,Red,Casual,F,168,3.58
Sandals,Red,Sporty,F,164,4.73
Sneakers,Black,Casual,M,180,4.6
Blouse,Brown,Sporty,F,192,4.96
Dress,Brown,Formal,F,190,3.11
Shorts,Yellow,Sporty,M,163,3.93
T-shirt,Yellow,Casual,M,185,4.59
Jeans,Blue,Casual,M,176,4.8
Jeans,Pink,Sporty,M,189,3.86
Jacket,Black,Formal,F,155,3.86
Sneakers,Gray,Casual,M,176,3.71
Sneakers,Brown,Formal,M,186,3.46
Shorts,Green,Casual,M,197,4.65
Jeans,Purple,Casual,M,177,3.46
Sneakers,White,Sporty,M,163,4.11
Jeans,Yellow,Casual,M,169,4.12
Shorts,Purple,Casual,M,183,3.41
Sneakers,Green,Formal,F,153,4.93
T-shirt,Gray,Casual,M,197,3.92
Sneakers,Brown,Formal,M,179,3.91
Shorts,Pink,Casual,M,198,4.26
Skirt,White,Sporty,F,151,4.47
Sneakers,Green,Casual,F,181,4.84
Sneakers,Brown,Sporty,F,191,4.79
Shorts,Pink,Sporty,M,182,3.97
T-shirt,Yellow,Formal,M,164,3.74
Jacket,White,Casual,M,152,4.97
Blouse,Black,Sporty,F,151,4.32
Sneakers,White,Formal,M,176,4.76
Shorts,Purple,Formal,M,181,4.57
Shorts,White,Sporty,M,158,3.46
Sweater,Pink,Sporty,F,170,3.69
Sandals,White,Sporty,F,199,4.05
Sandals,Black,Sporty,F,174,4.26
Sneakers,Pink,Sporty,F,169,4.84
Jacket,Blue,Formal,M,175,3.33
Skirt,Red,Sporty,F,156,3.26
Sweater,Red,Sporty,F,173,4.24
Jeans,Green,Casual,F,187,4.15
Jeans,Purple,Casual,M,194,3.54
Jeans,Gray,Sporty,M,152,3.39
Dress,Yellow,Formal,F,179,3.52
Shorts,Red,Casual,F,190,3.93
Sneakers,Green,Sporty,F,181,3.53
Shorts,Black,Formal,M,177,4.29
Jacket,Red,Sporty,F,164,4.11
Jacket,Purple,Casual,M,190,4.75
Blouse,Purple,Sporty,F,192,3.62
Sneakers,Brown,Casual,M,174,3.93
Shorts,Red,Sporty,M,186,4.82
Jacket,Purple,Formal,F,183,4.81
Jacket,Green,Sporty,M,169,3.05
Jacket,White,Casual,M,169,3.09
T-shirt,Gray,Sporty,M,180,3.07
Dress,Pink,Formal,F,184,3.66
Sneakers,Black,Formal,M,190,3.46
Jacket,Purple,Casual,M,197,4.87
T-shirt,Yellow,Casual,M,163,4.24
Shorts,Yellow,Sporty,M,186,3.27
T-shirt,Black,Formal,M,193,3.62
Sneakers,White,Formal,F,159,4.78
Jeans,Brown,Formal,M,168,3.55
Sneakers,Green,Sporty,M,192,4.76
Jeans,Yellow,Sporty,M,180,3.07
Sandals,Red,Sporty,F,183,4.25
T-shirt,Purple,Formal,M,163,3.63
Sweater,Yellow,Sporty,F,173,4.89
Jacket,White,Sporty,F,152,4.64
Jeans,Yellow,Casual,M,179,4.98
Shorts,Purple,Casual,M,200,3.35
Shorts,Yellow,Casual,M,176,3.55
Shorts,White,Formal,M,198,3.28
Sneakers,Purple,Formal,M,178,4.73
Jacket,Red,Sporty,M,163,3.28
Jacket,Gray,Formal,M,160,4.8
T-shirt,Yellow,Casual,F,162,3.25
Jeans,Gray,Formal,M,187,3.81
Jacket,Red,Casual,F,153,3.47
Sneakers,Green,Sporty,M,192,4.03
Shorts,Pink,Formal,M,182,4.23
Sneakers,Green,Casual,F,200,3.4
Sneakers,Pink,Casual,M,154,3.15
Jacket,Green,Formal,F,190,4.97
T-shirt,Blue,Sporty,M,194,3.04
Sneakers,Black,Formal,M,196,4.63
Dress,Blue,Formal,F,197,3.7
Sneakers,Brown,Casual,M,150,3.21
Skirt,Blue,Sporty,F,193,4.61
Sweater,Red,Sporty,F,175,4.45
Sandals,Purple,Sporty,F,177,4.66
Shorts,Brown,Casual,M,173,3.03
Blouse,Gray,Sporty,F,182,3.2
T-shirt,Brown,Casual,F,179,4.4
Skirt,Blue,Sporty,F,174,3.27
Jeans,Gray,Casual,F,175,4.6
Jacket,White,Sporty,F,160,4.85
Jacket,White,Casual,M,178,4.81
Sneakers,Brown,Formal,F,179,3.35
T-shirt,Gray,Sporty,M,182,4.43
Dress,Gray,Formal,F,200,3.42
Sneakers,Purple,Formal,F,167,4.64
Jacket,Pink,Sporty,M,151,4.36
Blouse,Gray,Sporty,F,168,3.71
Skirt,Purple,Sporty,F,190,4.22
Jacket,Green,Casual,M,161,4.84
Shorts,Pink,Sporty,F,171,4.31
Skirt,White,Sporty,F,177,3.34
T-shirt,Yellow,Formal,M,156,3.32
Blouse,Brown,Sporty,F,153,4.79
Shorts,White,Sporty,F,187,3.35
Sneakers,Yellow,Casual,M,177,3.03
Skirt,Pink,Sporty,F,183,3.71
Sandals,Green,Sporty,F,179,3.69
Blouse,Brown,Sporty,F,189,4.6
T-shirt,Pink,Formal,M,187,3.96
Jacket,Yellow,Sporty,F,179,3.03
Jeans,Gray,Casual,M,180,4.52
Sneakers,Pink,Sporty,F,170,4.57
Sneakers,White,Casual,M,150,4.83
Jeans,Pink,Formal,M,178,4.52
Sneakers,Yellow,Sporty,F,191,4.14
T-shirt,Pink,Formal,M,170,3.46
Sweater,Yellow,Sporty,F,185,3.88
Shorts,Blue,Formal,M,161,4.99
Sneakers,Red,Casual,M,174,4.73
Shorts,Black,Casual,M,171,3.86
Blouse,Red,Sporty,F,181,3.16
Shorts,Blue,Sporty,M,166,4.45
Jacket,Yellow,Formal,M,164,3.91
Jeans,White,Casual,M,159,4.81
Sneakers,Brown,Casual,M,160,3.79
Jeans,Brown,Sporty,F,154,3.71
Sneakers,Black,Casual,F,200,3.99
Dress,Gray,Formal,F,151,3.55
Dress,Blue,Formal,F,180,3.12
Skirt,Purple,Sporty,F,167,3.12
Shorts,White,Casual,M,170,3.06
Sneakers,Gray,Formal,M,166,4.24
Sneakers,Pink,Casual,M,179,3.1
T-shirt,Red,Formal,M,164,3.35
Shorts,White,Formal,M,187,4.08
Skirt,Brown,Sporty,F,177,3.19
T-shirt,Black,Sporty,F,169,4.81
Shorts,White,Sporty,M,167,3.75
Shorts,Green,Formal,F,152,4.06
Blouse,Brown,Sporty,F,184,3.6
Jacket,Yellow,Formal,M,184,3.33
Shorts,Black,Sporty,M,181,3.13
T-shirt,White,Casual,M,185,4.9
T-shirt,Black,Sporty,M,195,3.17
T-shirt,Brown,Sporty,F,192,4.19
T-shirt,Green,Casual,M,192,4.7
Sneakers,Blue,Formal,F,169,4.44
Jacket,Purple,Sporty,F,197,4.63
Sweater,Brown,Sporty,F,172,3.93
Jeans,Pink,Sporty,M,160,4.82
T-shirt,Brown,Casual,F,156,3.6
T-shirt,White,Formal,M,170,4.7
Sandals,Green,Sporty,F,165,3.2
Jeans,Blue,Formal,M,155,3.64
T-shirt,Gray,Casual,M,168,4.4
Skirt,Gray,Sporty,F,159,3.28
Shorts,Brown,Formal,F,191,3.49
Jeans,Purple,Formal,F,175,3.8
Shorts,Gray,Sporty,F,178,3.19
Sweater,Yellow,Sporty,F,190,3.65
Dress,White,Formal,F,158,3.0
Sandals,White,Sporty,F,181,3.39
Jeans,Red,Formal,M,181,4.53
Shorts,Black,Casual,M,192,4.39
Shorts,Yellow,Casual,M,174,4.57
Jacket,Black,Sporty,M,152,4.02
Dress,Blue,Formal,F,191,4.63
Jeans,Black,Casual,F,157,4.04
Dress,Blue,Formal,F,169,3.05
Sandals,Gray,Sporty,F,151,3.15
Shorts,White,Formal,M,166,3.74
Jacket,Blue,Formal,F,191,4.11
Blouse,White,Sporty,F,176,3.66
Skirt,Purple,Sporty,F,169,3.32
Dress,Purple,Formal,F,198,4.41
Sneakers,White,Formal,M,150,3.7
Sneakers,Blue,Formal,M,154,3.02
Sneakers,Purple,Formal,M,177,4.76
Sneakers,White,Sporty,F,177,4.51
T-shirt,White,Formal,F,161,4.22
Shorts,Black,Formal,F,174,3.34
Shorts,Black,Sporty,F,156,3.48
Jacket,Purple,Casual,F,179,3.6
Shorts,Pink,Sporty,M,154,3.16
Sneakers,Black,Casual,F,176,4.7
Dress,Yellow,Formal,F,200,3.57
T-shirt,White,Formal,M,152,3.49
Skirt,Red,Sporty,F,160,3.38
Jeans,Blue,Sporty,M,182,3.61
Jeans,Green,Sporty,M,197,4.15
Dress,Blue,Formal,F,193,4.62
Jacket,Brown,Sporty,M,174,4.75
Jacket,Pink,Casual,F,159,3.52
Shorts,Pink,Formal,F,181,4.04
Jeans,Yellow,Sporty,M,168,4.62
Sneakers,Pink,Formal,M,160,4.54
Shorts,Gray,Formal,M,170,3.12
Blouse,Red,Sporty,F,182,4.66
Dress,White,Formal,F,194,3.21
Shorts,Black,Sporty,F,197,4.43
Shorts,Green,Casual,M,196,4.11
Shorts,Brown,Sporty,F,197,3.7
Sneakers,Black,Casual,M,187,3.44
Shorts,Black,Casual,F,159,4.33
Jeans,Gray,Casual,F,192,4.86
Shorts,Blue,Formal,F,174,3.35
Jacket,Gray,Casual,M,162,3.81
Jeans,Yellow,Formal,M,162,4.6
Shorts,Blue,Formal,M,150,3.0
Sneakers,Black,Sporty,F,156,3.61
Sweater,Pink,Sporty,F,200,3.96
T-shirt,Red,Formal,F,180,4.29
T-shirt,Green,Formal,M,156,4.62
Jacket,Gray,Sporty,M,193,4.45
Shorts,Pink,Sporty,M,183,3.66
Sweater,Blue,Sporty,F,190,3.54
Sneakers,Blue,Sporty,M,169,3.7
Jacket,Green,Casual,F,190,4.47
Blouse,Blue,Sporty,F,178,4.08
Jacket,Red,Casual,M,151,3.43
Sweater,Gray,Sporty,F,171,3.02
Shorts,Gray,Sporty,M,175,4.24
Jeans,Brown,Formal,M,182,4.53
Jacket,Purple,Sporty,F,171,3.47
Blouse,Purple,Sporty,F,168,4.77
Sneakers,Yellow,Sporty,M,175,3.75
Sandals,Yellow,Sporty,F,152,4.15
T-shirt,Blue,Sporty,F,159,4.01
Blouse,Red,Sporty,F,171,3.32
Shorts,Purple,Casual,M,171,4.8
Jacket,Blue,Casual,M,168,3.93
Blouse,Gray,Sporty,F,187,3.76
Jeans,Blue,Sporty,M,165,3.04
Jacket,Green,Casual,M,158,3.27
Jeans,Yellow,Sporty,M,196,3.4
Jacket,Purple,Sporty,F,192,4.31
Sneakers,Yellow,Casual,M,197,3.01
T-shirt,Brown,Formal,M,175,4.61
Shorts,Purple,Sporty,F,200,4.81
Shorts,Black,Casual,F,170,3.81
Jacket,Brown,Sporty,F,189,3.03
Jeans,Yellow,Casual,F,190,4.71
Shorts,Blue,Sporty,M,189,4.96
Sneakers,Green,Casual,M,198,4.26
Sweater,Gray,Sporty,F,163,3.85
Skirt,Gray,Sporty,F,172,4.29
Sneakers,Purple,Casual,F,195,4.82
Blouse,White,Sporty,F,154,4.81
Sneakers,Blue,Casual,M,191,4.21
Jacket,Black,Formal,M,172,4.58
T-shirt,Pink,Casual,M,151,3.46
Dress,Pink,Formal,F,163,3.15
Jacket,Red,Casual,M,184,4.59
Jacket,White,Formal,M,168,3.67
Sneakers,Pink,Sporty,M,180,4.21
T-shirt,Pink,Sporty,M,173,4.77
Sneakers,Yellow,Formal,M,194,3.75
Jeans,Pink,Casual,M,192,3.85
Jacket,Green,Casual,F,154,4.47
Blouse,Pink,Sporty,F,197,4.58
Shorts,Green,Sporty,F,191,4.22
Shorts,Gray,Casual,M,164,4.29
Blouse,Purple,Sporty,F,166,3.69
Jacket,Brown,Sporty,M,178,3.2
Shorts,Gray,Sporty,M,168,3.21
Sneakers,Gray,Sporty,M,169,4.16
Jeans,Red,Formal,M,194,3.86
Shorts,Blue,Sporty,M,189,3.4
Skirt,Red,Sporty,F,152,3.24
Jacket,Pink,Sporty,M,174,3.41
Dress,Red,Formal,F,160,4.35
Blouse,Pink,Sporty,F,198,3.13
Shorts,Pink,Sporty,M,155,4.02
Sneakers,White,Casual,M,197,3.7
T-shirt,Red,Sporty,F,188,4.47
Jeans,Yellow,Sporty,M,184,4.49
Jacket,Gray,Casual,M,163,3.87
T-shirt,Red,Sporty,F,194,3.59
T-shirt,Brown,Casual,M,164,4.0
Sneakers,Red,Sporty,M,172,4.58
Jacket,Red,Formal,M,187,3.8
Jeans,Black,Sporty,F,157,4.54
Jeans,Green,Casual,F,155,4.47
Jeans,Black,Casual,F,153,4.17
Dress,Red,Formal,F,165,3.2
Dress,Brown,Formal,F,159,4.75
Sneakers,White,Casual,F,158,4.63
Shorts,Gray,Sporty,F,154,4.65
Sneakers,Gray,Sporty,F,193,3.85
T-shirt,Brown,Sporty,F,171,4.57
Skirt,Purple,Sporty,F,185,4.6
Shorts,Purple,Sporty,F,161,3.35
T-shirt,Pink,Casual,M,153,3.12
Sandals,White,Sporty,F,153,3.74
Sneakers,Pink,Casual,M,163,4.29
Jacket,Yellow,Formal,M,170,4.92
Shorts,Yellow,Casual,F,199,3.89
Shorts,Black,Casual,F,172,3.35
Shorts,Purple,Casual,M,156,3.26
Jacket,Black,Casual,F,178,4.82
Shorts,Pink,Formal,M,186,4.66
Sandals,Black,Sporty,F,154,4.52
Jacket,Purple,Formal,M,170,4.8
T-shirt,Brown,Casual,F,195,3.56
Sneakers,Red,Sporty,M,151,3.39
Dress,Yellow,Formal,F,179,4.6
Jeans,Yellow,Casual,M,152,4.15
Dress,Black,Formal,F,172,3.51
Sneakers,Green,Formal,F,181,3.01
Skirt,Red,Sporty,F,175,4.22
Sneakers,White,Casual,M,192,3.01
Jeans,Red,Sporty,M,152,3.87
Sneakers,Green,Sporty,F,176,3.87
Sweater,White,Sporty,F,164,3.94
Shorts,Brown,Sporty,M,172,3.24
Sneakers,White,Sporty,F,176,4.73
T-shirt,Black,Sporty,M,193,4.32
Jacket,Gray,Formal,F,193,3.31
Jacket,Yellow,Sporty,M,158,3.25
Sneakers,Brown,Formal,M,152,3.21
Shorts,Blue,Formal,F,198,4.61
Dress,Green,Formal,F,164,3.96
Skirt,Brown,Sporty,F,182,4.18
Sandals,Brown,Sporty,F,181,4.82
Jeans,Green,Formal,M,166,3.03
Jeans,White,Casual,M,178,4.06
T-shirt,Blue,Casual,M,174,4.73
Jacket,Gray,Sporty,M,196,4.53
Skirt,White,Sporty,F,178,4.56
Sneakers,Green,Formal,M,179,4.06
Jacket,Brown,Sporty,M,192,3.75
Sneakers,Red,Formal,F,188,3.82
Shorts,Brown,Sporty,F,187,3.66
Sandals,Gray,Sporty,F,195,4.84
T-shirt,Pink,Formal,M,155,4.64
Dress,Blue,Formal,F,184,3.66
Sandals,Brown,Sporty,F,183,4.16
Shorts,Yellow,Sporty,M,154,3.16
Shorts,Brown,Formal,M,175,4.56
Sneakers,Black,Sporty,F,151,4.9
Jeans,Blue,Casual,M,155,4.51
Jeans,Green,Sporty,F,196,3.22
Jeans,Red,Sporty,M,192,4.0
Skirt,Blue,Sporty,F,196,4.98
Skirt,White,Sporty,F,159,3.26
Sweater,Pink,Sporty,F,173,3.03
Sneakers,Red,Formal,M,161,4.49
Jeans,Blue,Casual,M,164,4.76
Jeans,Brown,Formal,M,187,4.34
Sneakers,Green,Casual,F,187,4.51
Jeans,Purple,Casual,F,163,4.44
T-shirt,White,Sporty,M,190,3.11
T-shirt,Gray,Casual,M,179,3.46
Jeans,Gray,Sporty,M,195,4.9
T-shirt,Gray,Casual,M,164,4.07
Sandals,Brown,Sporty,F,164,3.41
Jeans,White,Casual,M,175,4.86
Shorts,Yellow,Formal,M,181,3.8
Dress,White,Formal,F,159,3.54
Sneakers,Purple,Sporty,F,192,4.86
Shorts,Black,Casual,M,159,3.16
Jacket,Black,Casual,M,167,4.21
Sneakers,Blue,Casual,M,198,4.78
Jacket,Purple,Formal,M,191,3.1
Jacket,Red,Formal,M,153,3.36
Skirt,Purple,Sporty,F,150,3.62
Dress,Red,Formal,F,169,3.55
Skirt,Red,Sporty,F,190,3.94
Jeans,Yellow,Casual,M,166,4.16
Shorts,Brown,Casual,F,169,3.29
Sweater,Yellow,Sporty,F,163,3.62
Jacket,Purple,Sporty,M,188,3.91
Jacket,Blue,Sporty,M,183,4.59
Dress,Pink,Formal,F,193,3.04
Jacket,Black,Sporty,M,199,4.92
Skirt,Green,Sporty,F,192,4.15
Shorts,Pink,Casual,F,186,4.8
Skirt,Brown,Sporty,F,161,4.08
Blouse,Black,Sporty,F,174,4.99
Jacket,White,Casual,M,173,3.4
Jacket,Black,Formal,M,174,4.52
Jeans,Yellow,Casual,M,164,3.97
Jeans,Brown,Sporty,M,156,4.36
Sweater,Brown,Sporty,F,184,4.85
Dress,Red,Formal,F,194,3.18
Skirt,Gray,Sporty,F,162,4.49
Shorts,Black,Formal,M,194,4.49
Sneakers,Yellow,Formal,F,179,3.06
Jeans,Black,Sporty,M,153,4.86
Dress,Pink,Formal,F,151,3.28
Sneakers,Blue,Casual,M,152,3.25
Jeans,Green,Sporty,M,194,3.16
Jeans,Red,Sporty,F,195,3.32
Sneakers,Purple,Sporty,M,161,3.28
Jacket,Purple,Formal,F,187,4.44
Blouse,Black,Sporty,F,196,4.09
Jeans,Purple,Sporty,M,158,3.44
Sneakers,Yellow,Sporty,M,169,3.4
Shorts,Purple,Formal,F,184,4.12
Shorts,Purple,Formal,F,174,4.02
Jeans,Pink,Sporty,F,196,4.97
Dress,Blue,Formal,F,181,4.02
Jeans,Yellow,Casual,M,155,3.65
T-shirt,Red,Casual,M,151,3.1
Shorts,Pink,Formal,M,171,3.79
Dress,Green,Formal,F,150,3.86
Jacket,Purple,Formal,M,159,3.72
Sneakers,Green,Casual,F,199,3.01
T-shirt,Gray,Formal,F,160,4.31
Jacket,Yellow,Casual,F,178,4.71
Sneakers,Purple,Formal,M,156,3.01
Sandals,Pink,Sporty,F,172,4.99
Jacket,Black,Sporty,F,185,3.03
Shorts,Pink,Formal,M,192,4.44
T-shirt,Purple,Formal,F,174,4.45
Sweater,Green,Sporty,F,184,4.12
Sneakers,Blue,Formal,M,197,3.82
Sweater,Blue,Sporty,F,181,3.55
Blouse,Green,Sporty,F,181,4.76
T-shirt,Red,Formal,M,176,3.25
Jeans,Yellow,Formal,F,161,3.25
Dress,Gray,Formal,F,178,3.64
Skirt,Purple,Sporty,F,187,3.54
Sneakers,Yellow,Formal,F,192,4.78
Jacket,Purple,Casual,M,198,3.12
Jacket,Gray,Sporty,M,176,3.63
Dress,White,Formal,F,184,4.18
Shorts,Red,Sporty,M,154,3.0
Shorts,Brown,Casual,M,199,4.48
Jeans,Green,Casual,F,161,4.8
Jeans,Black,Casual,M,181,4.35
Jeans,Pink,Casual,M,173,3.09
Jacket,Red,Casual,F,183,4.2
Jeans,Purple,Casual,F,157,3.93
Shorts,Pink,Casual,M,191,4.57
Jacket,Green,Casual,F,181,3.01
Shorts,Yellow,Sporty,F,186,4.1
Jeans,Pink,Sporty,M,194,3.59
Sandals,Pink,Sporty,F,172,3.84
Shorts,Black,Casual,M,162,4.34
T-shirt,Green,Formal,M,168,3.81
Shorts,Black,Casual,M,199,3.85
Blouse,Black,Sporty,F,199,4.97
T-shirt,Yellow,Sporty,M,167,4.98
Skirt,Brown,Sporty,F,183,4.36
Shorts,Gray,Sporty,F,157,4.8
Jacket,Pink,Sporty,F,185,3.78
T-shirt,White,Sporty,F,193,3.95
Jacket,White,Sporty,F,151,4.33
Jacket,White,Sporty,M,152,3.42
T-shirt,Blue,Formal,M,168,4.86
Jacket,Red,Formal,F,173,3.13
T-shirt,Yellow,Casual,F,197,4.63
Jeans,Brown,Casual,F,154,4.82
T-shirt,Gray,Casual,M,165,4.11
T-shirt,Black,Casual,F,177,3.41
Jacket,Gray,Sporty,M,186,4.6
Jeans,Purple,Casual,M,193,3.82
Jeans,Gray,Sporty,M,190,3.15
Skirt,Green,Sporty,F,159,3.93
T-shirt,Green,Formal,M,176,4.6
Sneakers,Blue,Sporty,F,158,3.56
Shorts,Yellow,Sporty,M,152,4.86
T-shirt,Black,Sporty,M,194,4.19
T-shirt,Brown,Sporty,M,156,4.98
Dress,Purple,Formal,F,156,4.38
T-shirt,Blue,Casual,M,178,3.69
Sneakers,Brown,Sporty,F,158,4.1
T-shirt,Blue,Sporty,M,170,4.79
Shorts,Gray,Sporty,M,159,4.42
Sneakers,Brown,Formal,F,189,4.41
Sneakers,Yellow,Sporty,F,154,4.46
Jeans,Yellow,Sporty,M,190,3.3
Jacket,Pink,Sporty,M,152,4.65
Shorts,Green,Sporty,M,153,3.33
Skirt,Blue,Sporty,F,174,3.97
Sneakers,Red,Casual,M,199,3.57
Sandals,Black,Sporty,F,183,4.85
T-shirt,Brown,Formal,M,196,3.96
Jeans,Purple,Casual,M,190,4.02
Skirt,Gray,Sporty,F,184,3.58
Jacket,Yellow,Formal,M,196,4.9
Jacket,White,Sporty,F,171,4.84
Sneakers,Purple,Formal,M,182,4.58
T-shirt,Black,Casual,M,195,3.77
Jacket,Gray,Formal,M,169,4.13
T-shirt,Yellow,Casual,M,193,3.84
Skirt,Brown,Sporty,F,193,4.52
Sweater,Yellow,Sporty,F,165,4.17
Shorts,Blue,Formal,F,196,3.47
T-shirt,Brown,Sporty,F,197,4.88
Shorts,Gray,Sporty,M,193,3.37
Jacket,Purple,Formal,M,151,4.74
Shorts,Red,Casual,M,158,4.34
Shorts,Red,Sporty,F,155,4.95
Shorts,Green,Casual,M,182,4.0
Shorts,Pink,Casual,F,193,3.18
Sneakers,Yellow,Casual,F,168,4.76
Jeans,Red,Sporty,F,151,4.65
Shorts,Purple,Casual,M,165,3.01
T-shirt,White,Sporty,M,179,4.35
Blouse,Black,Sporty,F,193,4.05
Jeans,White,Formal,M,160,4.16
Blouse,Red,Sporty,F,171,4.04
T-shirt,Blue,Formal,M,192,4.28
Shorts,Yellow,Sporty,F,166,3.48
Jeans,Gray,Formal,M,197,4.36
Shorts,Blue,Sporty,F,185,3.78
Blouse,Brown,Sporty,F,191,4.46
Shorts,Yellow,Formal,F,176,3.92
Jacket,Yellow,Casual,M,151,3.31
Sneakers,Blue,Formal,M,172,3.02
Shorts,Brown,Formal,M,178,3.92
Jeans,Gray,Formal,F,155,3.94
Dress,White,Formal,F,168,3.99
T-shirt,Purple,Casual,F,174,3.9
Shorts,Yellow,Formal,F,150,3.87
T-shirt,Green,Formal,M,196,4.95
Jeans,Yellow,Sporty,F,187,4.71
Skirt,Black,Sporty,F,176,4.38
Skirt,Black,Sporty,F,176,4.05
Dress,Gray,Formal,F,153,3.7
Jacket,White,Formal,M,196,4.99
Jeans,Yellow,Formal,M,195,4.02
Jeans,Yellow,Sporty,M,191,3.81
Sandals,Green,Sporty,F,197,4.18
Sneakers,Green,Formal,F,196,3.27
Jacket,Black,Casual,M,184,3.4
T-shirt,Blue,Casual,F,155,4.79
Skirt,Green,Sporty,F,156,3.99
Blouse,Yellow,Sporty,F,166,3.82
Shorts,Brown,Casual,M,186,4.09
Jeans,Blue,Formal,F,179,4.98
Jeans,Gray,Formal,M,200,3.31
Jeans,Pink,Formal,F,186,4.65
T-shirt,Yellow,Sporty,F,183,4.68
Shorts,Green,Formal,F,171,4.18
Jacket,Yellow,Sporty,M,165,3.24
T-shirt,Purple,Sporty,M,191,3.44
Shorts,Purple,Sporty,F,157,3.05
T-shirt,Yellow,Casual,M,179,4.27
Jeans,Red,Casual,M,196,4.93
T-shirt,Gray,Formal,M,180,3.05
Shorts,Green,Formal,F,177,4.48
Sandals,Purple,Sporty,F,198,3.66
Sandals,Black,Sporty,F,163,3.66
Jeans,Green,Sporty,M,176,4.15
Sneakers,Black,Formal,M,163,3.5
Jeans,Red,Casual,M,170,3.47
Shorts,Blue,Casual,M,198,4.27
Sneakers,Gray,Formal,F,192,3.74
Jacket,Brown,Sporty,M,185,3.24
Sweater,Brown,Sporty,F,185,4.5
Sneakers,White,Casual,M,195,3.24
Skirt,Black,Sporty,F,163,3.17
Jeans,Green,Formal,F,183,3.72
Jacket,Blue,Formal,M,170,3.73
Sandals,Gray,Sporty,F,156,3.1
Jeans,Yellow,Formal,F,158,4.5
Sneakers,Red,Sporty,F,151,4.16
Jacket,Pink,Casual,M,170,3.53
Shorts,Pink,Formal,M,156,3.1
Sneakers,Purple,Formal,M,169,4.53
T-shirt,Red,Formal,F,151,4.09
Jacket,Black,Casual,F,175,3.49
Shorts,Green,Casual,M,174,4.16
Shorts,Red,Casual,M,169,3.02
Dress,Pink,Formal,F,169,4.76
Sneakers,Yellow,Formal,F,172,4.24
Sneakers,Pink,Formal,M,160,3.36
Jeans,Gray,Formal,M,172,3.36
Shorts,Red,Formal,M,179,4.97
Shorts,White,Formal,M,152,4.44
Sandals,Green,Sporty,F,174,3.23
Skirt,Yellow,Sporty,F,182,4.97
T-shirt,Green,Casual,M,200,4.84
Jeans,Pink,Formal,M,159,4.81
T-shirt,Red,Casual,M,195,3.32
T-shirt,White,Formal,M,169,3.72
Sweater,Blue,Sporty,F,175,3.48
T-shirt,Black,Formal,M,175,4.47
Dress,Green,Formal,F,154,4.27
Sweater,Blue,Sporty,F,159,3.9
Dress,Gray,Formal,F,183,3.37
T-shirt,Green,Sporty,M,199,4.82
Jeans,Green,Casual,M,189,4.19
Shorts,Purple,Sporty,M,171,3.77
Dress,Blue,Formal,F,173,3.9
Jacket,Pink,Formal,M,191,3.31
Sneakers,White,Casual,F,185,4.34
Sneakers,Gray,Formal,F,161,3.52
Skirt,Gray,Sporty,F,150,3.96
Dress,Green,Formal,F,189,4.39
T-shirt,Red,Formal,M,153,4.01
Shorts,Green,Formal,M,155,3.56
Shorts,Red,Casual,M,181,4.52
Sneakers,Black,Formal,M,195,3.09
Shorts,Purple,Casual,M,164,3.05
Shorts,Black,Formal,M,157,4.66
Jacket,Purple,Formal,F,150,4.55
Jacket,Yellow,Casual,F,170,3.28
T-shirt,Gray,Casual,F,190,3.7
T-shirt,Red,Formal,M,155,3.64
T-shirt,Yellow,Casual,M,192,3.42
Sneakers,Purple,Casual,F,184,4.76
Jacket,Yellow,Formal,F,183,3.35
Skirt,Pink,Sporty,F,169,3.45
Sneakers,Brown,Sporty,M,184,3.05
T-shirt,Gray,Casual,M,183,3.91
Sneakers,Pink,Casual,F,181,4.25
Jacket,Pink,Formal,M,165,3.29
Skirt,Red,Sporty,F,193,3.83
Sweater,Red,Sporty,F,172,4.67
Jeans,Red,Formal,M,159,3.8
Sneakers,Brown,Formal,F,179,4.06
Sneakers,Green,Sporty,M,157,3.38
Jeans,White,Casual,M,184,3.4
Jeans,Green,Formal,M,174,3.74
Shorts,White,Sporty,M,179,4.37
Shorts,Purple,Casual,M,185,3.86
Blouse,Gray,Sporty,F,188,4.34
Jeans,Blue,Casual,M,171,4.92
Jacket,Brown,Casual,F,174,3.22
Sandals,Brown,Sporty,F,171,4.67
Jacket,Red,Sporty,M,180,4.65
Sneakers,Brown,Formal,F,165,3.56
Jeans,Blue,Casual,M,196,4.57
Dress,Purple,Formal,F,160,3.57
Dress,Blue,Formal,F,196,3.77
Jacket,Blue,Casual,M,180,4.49
Shorts,Brown,Sporty,F,186,4.01
Shorts,Purple,Sporty,M,180,4.86
Jeans,Purple,Formal,M,164,4.77
Sweater,Gray,Sporty,F,199,4.25
Jeans,Yellow,Formal,M,152,3.73
Sneakers,Black,Formal,M,189,4.98
Jeans,Purple,Sporty,M,192,3.38
Shorts,Gray,Formal,M,189,3.35
Jeans,Brown,Casual,M,197,4.89
Sweater,Yellow,Sporty,F,179,3.37
Shorts,Black,Casual,M,180,3.3
Jeans,Green,Sporty,F,160,3.89
T-shirt,Red,Formal,F,162,4.59
Shorts,Green,Sporty,M,181,3.7
Shorts,Black,Formal,M,162,3.13
T-shirt,Gray,Formal,M,193,4.81
Sandals,Purple,Sporty,F,171,3.09
Skirt,Purple,Sporty,F,155,3.56
Skirt,Purple,Sporty,F,173,4.58
Blouse,Blue,Sporty,F,162,3.59
Shorts,Green,Sporty,F,185,4.34
Shorts,Black,Casual,F,156,3.98
Jacket,Gray,Casual,F,197,3.49
Dress,Green,Formal,F,171,3.01
Jacket,Yellow,Formal,M,181,4.54
Shorts,Blue,Casual,M,160,4.94
Jeans,Brown,Casual,F,188,3.3
Skirt,Blue,Sporty,F,175,3.17
Sneakers,Blue,Sporty,M,176,3.82
Skirt,Green,Sporty,F,175,5.0
Sweater,Brown,Sporty,F,168,3.64
Jeans,White,Sporty,M,177,3.72
T-shirt,Black,Casual,M,197,3.01
Jacket,Yellow,Sporty,M,198,3.86
Sandals,Blue,Sporty,F,163,4.86
Sneakers,Black,Casual,F,154,4.26
Sandals,Brown,Sporty,F,170,4.41
Sneakers,White,Casual,F,188,3.17
Dress,Brown,Formal,F,152,3.15
Sneakers,Brown,Casual,M,160,3.24
T-shirt,White,Sporty,F,158,3.35
T-shirt,Blue,Formal,M,194,4.54
Shorts,Brown,Formal,F,170,3.34
Shorts,Purple,Formal,F,171,3.69
Sandals,White,Sporty,F,176,4.64
Sneakers,Green,Sporty,M,182,4.76
Sweater,Purple,Sporty,F,151,4.13
Sneakers,White,Sporty,F,156,3.64
Shorts,Blue,Formal,M,154,4.42
Jacket,Gray,Sporty,F,180,3.31
Sneakers,Brown,Formal,F,195,4.64
Shorts,Black,Casual,M,179,4.87
Jeans,White,Sporty,M,190,3.81
Shorts,Brown,Casual,F,152,4.71
Shorts,Red,Sporty,M,182,3.24
Blouse,Brown,Sporty,F,178,3.9
T-shirt,Green,Sporty,M,151,3.66
Jeans,Black,Casual,F,152,4.14
Blouse,Blue,Sporty,F,174,4.65
T-shirt,Red,Sporty,M,182,3.39
Sneakers,Blue,Sporty,F,170,4.65
T-shirt,White,Casual,M,150,3.81
Sweater,Pink,Sporty,F,176,4.17
Sneakers,Gray,Formal,F,178,3.16
Sneakers,White,Formal,M,158,4.19
Jeans,White,Casual,M,190,3.95
Shorts,Purple,Formal,M,189,3.51
Jeans,Brown,Formal,M,183,3.47
T-shirt,Green,Casual,M,183,4.53
Jacket,Pink,Casual,M,157,4.23
T-shirt,Gray,Formal,F,190,4.21
Sneakers,White,Sporty,F,175,3.81
Shorts,White,Sporty,M,198,4.74
Shorts,Pink,Formal,M,155,3.61
Sneakers,Gray,Formal,M,185,3.59
Jeans,Black,Formal,F,176,3.3
Jacket,Red,Formal,F,158,4.65
Jacket,Brown,Formal,F,176,3.04
T-shirt,Yellow,Formal,M,194,4.39
Blouse,White,Sporty,F,198,3.01
T-shirt,Red,Casual,F,156,3.08
Dress,Red,Formal,F,185,3.68
Jeans,Green,Sporty,M,163,4.55
Jacket,Black,Sporty,M,165,4.09
T-shirt,Red,Sporty,M,156,4.5
Sneakers,White,Formal,M,157,3.58
Shorts,Blue,Sporty,M,180,3.31
T-shirt,Pink,Casual,M,189,3.53
Jacket,Purple,Casual,M,191,4.74
Jeans,Red,Casual,M,177,4.13
Jeans,Green,Formal,M,187,3.28
Jacket,Yellow,Casual,M,177,3.28
Shorts,Blue,Sporty,M,162,3.94
Shorts,Red,Formal,M,162,4.52
Dress,Black,Formal,F,180,3.66
Jacket,Blue,Casual,M,162,3.05
T-shirt,Green,Casual,M,196,4.36
Sandals,Gray,Sporty,F,158,4.53
T-shirt,Gray,Casual,M,150,3.65
T-shirt,Black,Formal,M,190,3.76
Shorts,Black,Formal,M,182,3.53
Shorts,Black,Casual,M,197,4.83
Sneakers,Yellow,Casual,M,165,3.88
Jacket,Purple,Casual,F,191,3.2
T-shirt,Pink,Sporty,M,163,3.66
T-shirt,White,Casual,M,193,4.93
Blouse,Blue,Sporty,F,178,3.84
Sandals,Yellow,Sporty,F,179,3.46
Sneakers,Green,Casual,M,174,3.8
Sandals,Pink,Sporty,F,185,4.44
Blouse,Black,Sporty,F,160,4.04
Sweater,Blue,Sporty,F,160,3.0
T-shirt,Brown,Formal,M,180,3.39
Blouse,Purple,Sporty,F,179,4.66
Shorts,Black,Formal,M,155,4.24
Skirt,Blue,Sporty,F,158,3.74
Dress,Brown,Formal,F,191,4.43
Sweater,White,Sporty,F,188,3.34
Shorts,Yellow,Formal,M,198,3.29
Jeans,Gray,Sporty,M,188,3.16
Sandals,Brown,Sporty,F,154,4.38
Dress,Yellow,Formal,F,187,4.68
Skirt,Red,Sporty,F,171,4.08
T-shirt,Blue,Formal,M,187,3.59
Jeans,Red,Sporty,M,200,4.01
Jeans,Pink,Formal,F,170,4.32
Jeans,Blue,Formal,F,155,4.71
T-shirt,Brown,Formal,F,155,3.55
Sneakers,Black,Casual,F,178,3.98
Jacket,Red,Formal,F,167,4.06
Jeans,Pink,Casual,F,198,4.65
T-shirt,Pink,Sporty,F,181,3.84
Sneakers,Black,Sporty,F,184,3.9
Jacket,Yellow,Formal,F,165,3.18
Skirt,Red,Sporty,F,166,4.62
Shorts,Blue,Formal,M,154,4.13
T-shirt,White,Formal,M,175,3.19
Shorts,Pink,Formal,F,168,3.99
Jeans,Blue,Sporty,F,162,4.97
Dress,Purple,Formal,F,194,3.96
T-shirt,Blue,Casual,F,162,3.63
Jeans,Purple,Sporty,F,189,4.25
Sneakers,Purple,Casual,M,178,4.87
Jeans,Pink,Casual,M,195,4.61
T-shirt,Yellow,Sporty,M,151,4.19
Sneakers,Brown,Sporty,M,179,4.83
Jeans,Blue,Casual,F,190,3.13
Shorts,Yellow,Sporty,F,160,3.93
Sweater,Blue,Sporty,F,198,3.64
T-shirt,Black,Sporty,M,158,4.82
T-shirt,White,Casual,M,174,3.27
Dress,Green,Formal,F,160,4.27
Shorts,White,Casual,M,162,4.22
T-shirt,Yellow,Formal,M,199,3.33
Jacket,Brown,Sporty,M,199,3.29
T-shirt,White,Sporty,M,155,4.27
T-shirt,Yellow,Casual,M,187,3.95
Jeans,Red,Casual,M,185,3.38
T-shirt,Red,Casual,M,171,3.8
Dress,Gray,Formal,F,164,4.02
Jacket,Brown,Formal,M,153,3.45
Blouse,Green,Sporty,F,175,3.04
Sneakers,White,Formal,M,195,3.66
Jeans,Brown,Sporty,M,192,4.53
Jacket,Purple,Casual,M,174,4.1
T-shirt,White,Casual,F,197,4.99
Sandals,Gray,Sporty,F,176,4.97
Blouse,Brown,Sporty,F,191,4.48
Sandals,Green,Sporty,F,171,4.27
Sneakers,Red,Formal,M,184,4.54
T-shirt,Green,Sporty,M,151,3.47
Sweater,Gray,Sporty,F,186,4.74
T-shirt,Black,Casual,M,167,4.95
Shorts,Gray,Casual,M,171,4.4
Shorts,White,Formal,M,167,3.73
T-shirt,Black,Casual,M,172,3.62
Blouse,Gray,Sporty,F,169,3.92
Jacket,Black,Casual,F,199,4.85
Sandals,Gray,Sporty,F,167,4.46
Sweater,Purple,Sporty,F,197,3.64
T-shirt,Yellow,Sporty,M,160,4.51
Shorts,Pink,Formal,M,180,4.89
Shorts,Brown,Sporty,F,166,4.04
Sandals,Black,Sporty,F,191,4.59
Shorts,Red,Sporty,M,162,3.04
Sandals,White,Sporty,F,157,3.31
Dress,Green,Formal,F,176,3.15
Jeans,Black,Sporty,M,167,4.0
Jacket,Pink,Formal,M,177,4.65
Jeans,Black,Sporty,M,195,4.74
Jeans,Yellow,Formal,M,188,3.2
Shorts,Black,Formal,F,164,4.13
Blouse,Red,Sporty,F,196,4.25
Sneakers,Yellow,Casual,F,174,4.65
Shorts,Gray,Sporty,M,179,3.23
Shorts,Yellow,Casual,M,186,3.62
Jacket,Gray,Casual,M,159,4.11
Skirt,Purple,Sporty,F,189,3.52
Shorts,Blue,Casual,M,152,4.56
Sweater,Yellow,Sporty,F,156,4.33
T-shirt,White,Formal,M,175,3.01
Jeans,Yellow,Casual,M,199,4.56
Sneakers,Green,Formal,F,193,4.02
Sneakers,Pink,Casual,F,152,4.79
Sweater,Black,Sporty,F,174,3.12
Jeans,Yellow,Sporty,M,172,3.63
Shorts,Black,Casual,F,175,3.5
Shorts,Black,Formal,F,191,3.97
T-shirt,Purple,Sporty,M,169,4.1
Sneakers,Brown,Casual,F,177,3.5
Shorts,Black,Formal,F,180,4.51
Blouse,Green,Sporty,F,171,4.29
Jacket,Gray,Formal,M,184,3.38
Shorts,Green,Sporty,M,171,4.96
Sneakers,Purple,Sporty,M,169,3.49
Sweater,Red,Sporty,F,178,4.74
Shorts,Green,Sporty,M,150,4.25
Sneakers,Purple,Sporty,M,184,4.96
Sneakers,White,Casual,M,174,4.15
Sandals,Red,Sporty,F,187,4.65
Shorts,Purple,Casual,M,156,3.62
Sneakers,Red,Casual,M,163,3.76
Sneakers,Black,Sporty,F,155,4.66
T-shirt,Blue,Formal,M,182,4.91
Jeans,White,Casual,M,199,4.11
T-shirt,Blue,Formal,M,194,3.97
Jacket,Purple,Casual,M,166,4.14
Jeans,Purple,Sporty,F,172,4.35
Shorts,Yellow,Formal,F,193,3.33
T-shirt,Brown,Casual,F,163,3.85
Jacket,Green,Casual,F,195,3.81
Jeans,Blue,Formal,M,159,4.79
T-shirt,Green,Formal,M,162,4.46
Jacket,Purple,Sporty,F,158,4.86
Jacket,Brown,Sporty,M,170,3.65
Shorts,Red,Sporty,M,186,4.28
Jacket,Pink,Sporty,M,183,3.09
Sneakers,Yellow,Casual,M,167,3.71
Dress,Green,Formal,F,155,4.7
Jacket,Blue,Formal,M,180,4.03
Dress,Yellow,Formal,F,153,3.67
Shorts,Black,Sporty,F,194,3.68
T-shirt,Black,Sporty,M,186,3.85
Jeans,White,Casual,M,156,4.45
Jacket,Green,Formal,M,181,3.47
Jacket,Blue,Sporty,M,155,4.16
Jacket,Black,Casual,M,193,3.09
Sweater,Black,Sporty,F,176,4.97
Skirt,Brown,Sporty,F,155,4.1
Jeans,Gray,Casual,M,171,3.56
Sweater,Blue,Sporty,F,188,3.4
Sneakers,White,Sporty,M,189,4.96
T-shirt,Blue,Formal,M,152,3.79
Jeans,Pink,Formal,M,180,3.63
T-shirt,Purple,Casual,M,183,4.23
Jeans,Pink,Casual,F,200,3.68
Shorts,Blue,Casual,M,154,4.44
Jacket,Blue,Casual,M,171,3.9
Jacket,Red,Casual,M,194,3.08
Jacket,Black,Sporty,M,160,3.2
Jacket,White,Formal,M,172,3.11
Sneakers,Green,Formal,M,154,4.06
Sneakers,Yellow,Formal,F,151,4.47
T-shirt,White,Sporty,M,158,4.61
Dress,Brown,Formal,F,162,3.01
Jacket,Blue,Formal,M,199,3.86
Shorts,Gray,Casual,F,156,3.19
T-shirt,White,Sporty,F,181,3.4
Jeans,Pink,Casual,F,187,4.68
T-shirt,Pink,Sporty,M,193,4.38
Jacket,Purple,Sporty,M,172,3.66
Blouse,Black,Sporty,F,184,4.65
Jacket,Yellow,Casual,M,156,3.57
Shorts,Gray,Formal,M,192,4.29
Shorts,Green,Sporty,M,153,4.83
Jacket,Yellow,Casual,M,162,4.94
Jacket,Yellow,Casual,F,166,4.91
T-shirt,White,Sporty,M,157,3.59
Jacket,Red,Sporty,F,160,3.25
Jeans,Yellow,Sporty,M,164,3.24
Sneakers,Brown,Formal,M,158,3.22
Sneakers,Yellow,Sporty,M,193,4.88
Shorts,Purple,Formal,M,150,4.99
Jeans,Yellow,Sporty,F,189,4.89
T-shirt,Blue,Casual,F,151,3.35
Sweater,Yellow,Sporty,F,156,3.58
Jeans,Brown,Casual,M,183,4.9
Sneakers,Brown,Formal,M,184,3.1
Jacket,Purple,Formal,F,156,3.55
Skirt,Black,Sporty,F,189,4.79
T-shirt,White,Casual,F,197,3.14
Shorts,Purple,Formal,M,187,3.88
Jacket,Purple,Formal,M,169,4.94
Sneakers,Yellow,Formal,F,152,4.41
Sneakers,Black,Sporty,F,158,4.65
Blouse,White,Sporty,F,188,3.49
Shorts,Yellow,Formal,M,166,3.17
Skirt,Purple,Sporty,F,182,4.75
Skirt,Brown,Sporty,F,167,3.25
Sandals,Green,Sporty,F,158,4.76
Dress,White,Formal,F,155,4.93
Jeans,Brown,Sporty,F,160,4.34
Jeans,White,Formal,M,182,4.62
Skirt,White,Sporty,F,181,3.38
Jeans,Red,Sporty,F,163,3.21
Shorts,Green,Casual,M,196,3.98
Jacket,Green,Sporty,M,200,3.53
Blouse,White,Sporty,F,177,4.95
Shorts,Green,Sporty,M,191,4.9
Jacket,Purple,Formal,F,194,3.73
Jeans,Pink,Sporty,M,197,4.47
T-shirt,Purple,Sporty,M,179,4.96
T-shirt,Green,Casual,F,170,3.96
T-shirt,Brown,Casual,M,159,3.05
Jacket,Blue,Sporty,M,175,3.97
T-shirt,Red,Formal,M,153,4.33
Sandals,Purple,Sporty,F,182,4.0
Jeans,White,Sporty,M,200,4.19
Skirt,Purple,Sporty,F,163,4.08
Blouse,Pink,Sporty,F,199,4.64
Dress,Gray,Formal,F,196,4.25
Blouse,Black,Sporty,F,189,4.73
Jeans,Black,Formal,M,179,3.73
T-shirt,Green,Formal,M,167,3.8
T-shirt,Gray,Casual,F,164,3.84
Blouse,Pink,Sporty,F,169,3.07
Dress,White,Formal,F,185,3.87
Skirt,Red,Sporty,F,185,4.33
T-shirt,Black,Casual,F,153,4.35
Jeans,Blue,Casual,F,164,4.78
T-shirt,Yellow,Sporty,M,164,3.85
Jeans,Red,Sporty,F,175,3.44
T-shirt,Green,Casual,F,181,3.04
Blouse,Pink,Sporty,F,161,3.43
Shorts,Gray,Casual,M,154,3.92
Sneakers,Brown,Formal,M,170,4.53
Sandals,Brown,Sporty,F,198,4.8
Jeans,White,Casual,M,187,3.3
Jacket,Red,Casual,F,175,3.74
Sneakers,Black,Casual,F,187,3.15
Skirt,Yellow,Sporty,F,153,3.84
Shorts,Black,Casual,F,185,4.79
Shorts,Yellow,Sporty,M,188,4.16
Blouse,Brown,Sporty,F,182,4.74
Sneakers,Pink,Sporty,M,151,4.62
Shorts,Brown,Casual,M,173,4.45
Sandals,Yellow,Sporty,F,188,4.02
Jacket,Black,Formal,F,181,4.68
Jacket,Green,Casual,M,173,3.9
Sandals,Pink,Sporty,F,180,3.51
Jeans,Yellow,Sporty,M,191,3.53
Sweater,Brown,Sporty,F,157,3.03
Sneakers,Gray,Casual,M,175,4.72
Sweater,Purple,Sporty,F,160,4.39
Jeans,Blue,Formal,M,194,3.09
Jeans,Red,Formal,F,168,4.5
Dress,Brown,Formal,F,168,3.93
Jeans,Purple,Casual,F,185,3.56
Jacket,Yellow,Formal,M,168,3.31
Dress,Brown,Formal,F,152,3.27
Sneakers,Yellow,Sporty,M,165,3.13
Jeans,Gray,Formal,F,162,3.77
Jacket,Black,Casual,M,194,4.39
Dress,Brown,Formal,F,176,3.06
Sneakers,Green,Formal,F,186,3.48
Sweater,Black,Sporty,F,155,3.58
Blouse,Gray,Sporty,F,182,4.2
Jeans,Yellow,Casual,F,166,4.14
Sneakers,Yellow,Casual,M,164,3.62
Blouse,Black,Sporty,F,189,3.77
Jeans,Brown,Sporty,F,165,3.15
Jacket,Black,Sporty,M,179,3.32
Shorts,White,Casual,M,171,4.92
T-shirt,Yellow,Casual,M,198,4.45
Blouse,Green,Sporty,F,194,3.64
T-shirt,Pink,Sporty,F,190,3.71
Jeans,Gray,Formal,F,176,4.64
Shorts,Gray,Casual,M,199,4.39
Jeans,Green,Sporty,F,186,4.7
Jeans,Blue,Sporty,M,200,3.29
Dress,Pink,Formal,F,189,3.71
Sneakers,Gray,Sporty,M,176,3.19
T-shirt,Purple,Formal,F,173,3.37
Sneakers,Blue,Formal,F,195,3.33
Sneakers,Pink,Sporty,M,175,3.25
Shorts,Gray,Formal,M,175,4.59
Sandals,Purple,Sporty,F,174,4.8
Jacket,Blue,Sporty,M,165,3.94
Dress,Red,Formal,F,158,3.7
Sweater,Yellow,Sporty,F,157,4.62
Sandals,Gray,Sporty,F,192,3.31
Jeans,Blue,Casual,M,184,3.18
Sweater,White,Sporty,F,174,4.44
Shorts,Pink,Formal,M,197,4.79
Sandals,White,Sporty,F,154,3.6
Skirt,Black,Sporty,F,194,4.05
T-shirt,Gray,Sporty,F,194,3.51
T-shirt,Green,Casual,M,166,4.31
Dress,Gray,Formal,F,183,3.02
Jeans,Green,Sporty,M,188,3.66
Jacket,Red,Sporty,M,159,4.16
Sneakers,Blue,Formal,M,171,4.88
Jacket,Gray,Formal,M,176,3.87
Shorts,Purple,Sporty,M,162,4.25
Jacket,Purple,Formal,M,184,4.48
Jeans,Gray,Casual,M,197,4.72
Sneakers,Blue,Formal,M,154,4.07
Sweater,Purple,Sporty,F,190,4.36
Blouse,Brown,Sporty,F,179,3.04
Dress,Black,Formal,F,152,4.71
T-shirt,Red,Formal,M,183,4.65
Blouse,Black,Sporty,F,184,4.41
Jeans,Red,Formal,M,166,4.99
Dress,Yellow,Formal,F,185,4.17
Shorts,Pink,Formal,M,190,4.71
Jeans,Gray,Sporty,M,159,4.44
Sneakers,Brown,Formal,M,185,3.04
Shorts,Pink,Sporty,M,174,4.87
Jeans,Gray,Sporty,M,162,4.34
Blouse,Purple,Sporty,F,166,4.55
Jeans,Brown,Sporty,M,180,4.92
T-shirt,Blue,Formal,M,157,4.55
Blouse,Gray,Sporty,F,171,3.01
Sneakers,Gray,Casual,M,150,4.96
Sandals,Blue,Sporty,F,184,3.74
Jacket,White,Sporty,F,192,4.91
Shorts,Pink,Formal,M,189,3.93
Sneakers,Green,Formal,F,173,4.37
Jacket,Brown,Sporty,M,164,4.87
Jacket,Purple,Formal,F,185,4.09
Jeans,Blue,Formal,F,184,4.04
T-shirt,White,Formal,M,159,4.48
Jeans,Gray,Casual,F,167,3.91
Dress,Red,Formal,F,162,3.87
Shorts,Blue,Casual,M,177,3.72
Jacket,Purple,Formal,F,188,4.66
Jacket,Black,Sporty,M,153,3.31
Blouse,Green,Sporty,F,181,3.26
Skirt,Green,Sporty,F,156,3.03
Skirt,Gray,Sporty,F,153,4.13
Shorts,Purple,Sporty,M,159,3.33
T-shirt,Green,Casual,F,171,4.71
Skirt,Pink,Sporty,F,184,4.39
Jeans,Red,Sporty,M,160,3.58
Jacket,Brown,Casual,M,173,3.03
Shorts,Blue,Sporty,F,164,4.77
T-shirt,Green,Casual,M,194,4.38
Jacket,White,Formal,F,151,3.46
Jacket,Brown,Formal,M,193,3.05
T-shirt,Green,Casual,M,192,3.16
Sneakers,Red,Formal,F,176,3.76
Shorts,Purple,Formal,M,165,3.99
T-shirt,Yellow,Formal,F,171,3.03
Shorts,Black,Formal,F,183,4.86
Blouse,Yellow,Sporty,F,180,3.13
Sweater,Pink,Sporty,F,197,4.64
Sneakers,Gray,Formal,M,151,3.7
Sandals,Pink,Sporty,F,178,3.33
Jacket,Brown,Sporty,M,163,3.32
Shorts,Green,Casual,M,154,3.96
Sneakers,Black,Formal,M,178,4.73
T-shirt,Purple,Casual,M,179,3.22
Shorts,Yellow,Formal,M,174,3.94
Jacket,Gray,Casual,M,156,3.57
Shorts,Yellow,Sporty,M,171,3.03
Jeans,White,Sporty,M,182,3.48
T-shirt,Green,Casual,M,197,4.81
Shorts,Pink,Sporty,M,154,4.35
Jeans,Pink,Formal,M,163,3.81
Sneakers,Gray,Sporty,M,169,3.43
Sweater,Brown,Sporty,F,158,3.38
Jeans,Pink,Formal,F,174,4.71
T-shirt,Purple,Formal,M,186,4.03
Jeans,Purple,Casual,M,150,4.69
Jeans,Purple,Formal,M,183,3.42
T-shirt,Green,Sporty,F,176,4.76
T-shirt,White,Sporty,M,172,4.8
Jacket,Pink,Formal,M,161,3.77
Jeans,White,Formal,M,158,3.68
Shorts,White,Sporty,F,184,3.45
Shorts,Blue,Formal,M,200,4.37
Shorts,Yellow,Casual,F,169,4.49
Sneakers,Red,Casual,F,167,3.13
T-shirt,White,Formal,M,194,3.69
Dress,Red,Formal,F,190,3.81
Sneakers,Purple,Casual,F,158,4.13
Sneakers,Purple,Casual,M,188,3.04
Sneakers,Black,Sporty,M,166,3.79
T-shirt,Brown,Formal,M,188,4.17
Shorts,Purple,Sporty,F,185,3.03
Skirt,Green,Sporty,F,191,4.11
T-shirt,Yellow,Sporty,M,190,3.32
Shorts,Green,Sporty,M,199,4.27
Sneakers,Yellow,Sporty,M,170,3.0
Sweater,Blue,Sporty,F,158,4.91
Sweater,Green,Sporty,F,156,3.37
Sneakers,Brown,Sporty,F,198,3.33
Jeans,Blue,Formal,M,193,4.06
Sneakers,Gray,Formal,M,182,4.28
Jeans,Blue,Casual,M,152,4.27
T-shirt,Yellow,Formal,M,181,4.24
T-shirt,Green,Sporty,F,156,4.12
Sandals,Brown,Sporty,F,194,4.87
Jeans,Gray,Casual,F,185,3.0
Jeans,Gray,Casual,F,192,3.51
Sandals,Purple,Sporty,F,169,3.43
Sweater,White,Sporty,F,153,4.25
Shorts,Brown,Casual,M,192,3.19
T-shirt,Red,Sporty,M,180,4.05
Sweater,Black,Sporty,F,196,3.16
T-shirt,Black,Casual,M,166,3.63
T-shirt,Gray,Casual,M,186,3.18
T-shirt,White,Sporty,M,179,3.06
Skirt,Gray,Sporty,F,159,3.3
Shorts,Pink,Formal,M,164,3.14
Jeans,Brown,Casual,M,197,3.6
Sneakers,Purple,Casual,M,200,4.34
Jeans,Gray,Sporty,M,150,3.43
T-shirt,Gray,Casual,F,192,3.59
Skirt,Black,Sporty,F,173,3.01
Dress,Black,Formal,F,154,4.95
Blouse,Purple,Sporty,F,184,4.13
T-shirt,Gray,Sporty,M,154,4.57
Dress,Yellow,Formal,F,198,4.44
Sneakers,Pink,Sporty,M,192,3.1
T-shirt,White,Casual,M,182,4.5
Shorts,Gray,Formal,F,161,3.22
Jeans,Purple,Casual,M,188,4.03
Dress,Yellow,Formal,F,167,3.12
Jacket,Pink,Sporty,F,150,4.19
Sweater,Blue,Sporty,F,166,4.26
T-shirt,Pink,Formal,M,164,4.51
Jacket,Pink,Formal,F,177,4.34
Dress,Red,Formal,F,159,4.64
Jacket,Green,Sporty,M,181,4.73
Sneakers,Black,Formal,M,153,3.23
Sweater,Gray,Sporty,F,153,4.32
Shorts,Gray,Sporty,F,152,4.89
T-shirt,Brown,Casual,M,175,4.15
Jeans,Blue,Casual,M,153,3.33
T-shirt,Yellow,Sporty,M,175,3.37
Sneakers,Yellow,Formal,M,151,3.88
Shorts,Brown,Formal,M,179,3.73
Blouse,Red,Sporty,F,188,4.04
Jeans,Black,Casual,F,200,4.59
Blouse,Gray,Sporty,F,194,4.57
Sneakers,Black,Formal,M,160,4.96
Jacket,Pink,Casual,M,196,4.27
Jeans,Black,Formal,F,190,3.97
T-shirt,Red,Formal,M,167,4.67
Sweater,Yellow,Sporty,F,187,3.77
T-shirt,Pink,Formal,M,183,3.35
Sneakers,White,Formal,M,173,4.59
Jeans,Yellow,Formal,M,152,4.82
Sandals,Brown,Sporty,F,172,3.12
Jacket,Yellow,Casual,M,170,4.12
Jacket,Purple,Casual,M,159,3.57
Sneakers,Black,Sporty,M,200,3.84
Jacket,Brown,Formal,M,165,3.25
Sandals,Green,Sporty,F,151,4.18
Jacket,Brown,Sporty,M,173,3.33
Sandals,Yellow,Sporty,F,157,3.16
Sneakers,Red,Casual,F,163,3.97
Sneakers,Brown,Casual,F,172,3.32
Shorts,Brown,Casual,F,163,3.14
Jeans,Red,Sporty,F,168,3.77
Shorts,Red,Sporty,M,194,3.47
Jacket,Yellow,Casual,F,163,4.18
Jeans,Green,Sporty,F,156,3.6
Sneakers,Yellow,Casual,M,196,4.51
Shorts,Blue,Casual,M,160,3.13
Shorts,Gray,Sporty,M,186,4.73
Shorts,Brown,Casual,M,156,4.54
Sneakers,Black,Formal,M,159,4.79
Dress,Pink,Formal,F,170,4.79
Jacket,Black,Casual,F,155,3.95
Blouse,Yellow,Sporty,F,191,3.55
Jeans,Gray,Formal,M,176,3.14
Jacket,Brown,Casual,F,193,3.76
Jeans,Blue,Formal,F,183,3.71
Skirt,Gray,Sporty,F,181,4.85
Jacket,Black,Formal,F,170,4.02
Shorts,Green,Sporty,M,150,3.89
T-shirt,Purple,Formal,M,161,4.66
Jacket,Gray,Formal,F,151,4.61
Skirt,Red,Sporty,F,187,3.59
Jacket,White,Casual,M,179,3.06
Jacket,Yellow,Casual,M,172,4.3
Shorts,Red,Sporty,M,169,3.69
T-shirt,Brown,Casual,M,157,3.99
Jacket,Pink,Formal,F,152,4.04
T-shirt,Green,Casual,M,169,3.58
Jacket,Blue,Sporty,M,187,3.81
Jeans,Brown,Sporty,M,157,4.94
Sneakers,Purple,Casual,M,181,4.6
Jacket,Black,Casual,M,171,3.31
Shorts,Purple,Casual,M,167,4.39
T-shirt,Red,Sporty,F,172,4.91
Shorts,Black,Formal,M,184,4.5
T-shirt,Gray,Sporty,M,167,3.78
Jacket,Black,Casual,M,177,4.75
Shorts,Black,Formal,M,197,3.74
Jacket,Yellow,Casual,M,192,4.55
Shorts,Blue,Sporty,M,154,3.04
T-shirt,Pink,Sporty,M,155,3.37
Shorts,Brown,Casual,M,181,4.02
Shorts,Black,Formal,M,185,4.24
Shorts,Yellow,Formal,M,174,3.88
Dress,Green,Formal,F,150,3.27
Sneakers,Yellow,Formal,M,196,4.52
Jacket,White,Casual,F,196,3.15
Sweater,White,Sporty,F,180,4.65
Sneakers,Blue,Formal,M,179,4.97
Jacket,White,Sporty,F,165,3.5
Jacket,Purple,Sporty,M,177,4.22
Jeans,Green,Casual,M,194,3.68
Sneakers,Yellow,Formal,M,194,3.91
Sneakers,Brown,Casual,F,168,4.35
Jacket,Yellow,Formal,M,184,4.53
Sneakers,Black,Formal,M,164,3.5
Blouse,Blue,Sporty,F,198,3.52
Blouse,Purple,Sporty,F,191,3.4
Sandals,Purple,Sporty,F,198,4.94
Shorts,Green,Formal,F,177,3.41
T-shirt,Black,Sporty,F,151,3.6
Jacket,Red,Casual,M,166,4.99
Jacket,Green,Casual,M,195,3.28
Shorts,Blue,Sporty,F,193,3.12
Jeans,Gray,Casual,F,164,4.9
T-shirt,Purple,Formal,M,179,4.72
Jeans,Blue,Casual,M,194,4.04
Skirt,White,Sporty,F,196,3.0
Jeans,Red,Sporty,M,153,3.37
Skirt,Green,Sporty,F,177,4.81
Shorts,Brown,Casual,M,190,4.8
T-shirt,Pink,Sporty,M,195,3.85
Jacket,Gray,Casual,F,159,4.85
T-shirt,Red,Sporty,M,150,4.22
Shorts,Brown,Casual,M,172,4.32
Jeans,Yellow,Formal,M,160,3.16
Sweater,Gray,Sporty,F,163,3.77
Jacket,Black,Sporty,M,152,4.49
Jeans,Pink,Formal,M,163,4.04
Jacket,Yellow,Casual,M,172,3.03
T-shirt,Black,Sporty,M,186,4.75
Jacket,Red,Casual,M,190,3.71
Jeans,Gray,Formal,M,183,3.14
Jacket,Gray,Casual,F,191,4.87
Blouse,Blue,Sporty,F,198,4.49
Blouse,Pink,Sporty,F,198,4.48
Jeans,Purple,Casual,F,152,4.96
T-shirt,Blue,Sporty,M,164,4.45
Jacket,Yellow,Sporty,F,185,4.13
T-shirt,Purple,Sporty,F,169,4.98
T-shirt,Yellow,Sporty,M,180,3.12
Sneakers,Green,Formal,F,160,3.79
T-shirt,Green,Sporty,M,182,3.17
Dress,Yellow,Formal,F,177,4.7
Sweater,Yellow,Sporty,F,156,4.67
Jacket,Brown,Formal,F,157,4.46
Sneakers,Pink,Formal,M,191,4.59
Sandals,Brown,Sporty,F,184,4.77
Shorts,Yellow,Sporty,M,154,3.69
Sneakers,White,Formal,F,190,4.97
Sneakers,Green,Formal,M,184,4.53
T-shirt,Green,Casual,M,183,4.84
Dress,White,Formal,F,179,4.51
Shorts,Red,Casual,M,163,3.05
Shorts,White,Casual,F,170,3.76
T-shirt,Brown,Casual,M,189,4.02
Jeans,Yellow,Sporty,M,200,3.35
Jacket,Green,Sporty,M,150,4.77
Jeans,Gray,Formal,F,182,4.51
Blouse,Black,Sporty,F,190,3.66
Jacket,Yellow,Sporty,M,171,4.94
Jacket,Yellow,Formal,F,163,3.54
Jacket,Brown,Formal,F,187,3.61
Jeans,Black,Formal,M,174,4.32
Shorts,Red,Formal,F,183,3.68
Shorts,Red,Sporty,M,158,3.0
Jacket,Blue,Sporty,M,179,3.58
Jacket,Yellow,Formal,F,170,4.77
Skirt,Pink,Sporty,F,181,4.71
Jeans,Gray,Sporty,F,170,3.67
Sneakers,White,Casual,M,191,4.51
Shorts,Purple,Formal,M,159,3.75
Sneakers,Black,Sporty,M,179,3.35
Jeans,Green,Casual,F,177,3.12
T-shirt,Pink,Casual,F,186,3.54
Jeans,Pink,Formal,M,152,4.08
Jacket,Purple,Formal,M,197,3.4
Sneakers,Purple,Casual,M,180,4.88
Sandals,Yellow,Sporty,F,187,4.02
Sneakers,Brown,Sporty,M,156,3.52
Jacket,Blue,Casual,F,168,3.04
T-shirt,Blue,Sporty,F,152,3.11
Sandals,Red,Sporty,F,186,4.81
Jacket,Pink,Sporty,M,150,4.54
Jeans,Gray,Sporty,F,174,4.15
Sneakers,Pink,Sporty,F,162,4.19
Jacket,Brown,Casual,F,172,4.38
Jacket,Gray,Sporty,M,160,4.26
Sneakers,Blue,Sporty,M,165,4.1
Shorts,White,Casual,F,162,4.2
Sneakers,White,Formal,M,190,4.35
Jeans,Blue,Formal,F,193,4.26
Shorts,Blue,Casual,M,174,4.2
Jeans,Gray,Sporty,M,175,4.76
Jeans,Purple,Sporty,M,170,3.34
Sweater,Red,Sporty,F,154,3.71
Blouse,Green,Sporty,F,185,4.61
Blouse,Black,Sporty,F,186,4.91
Blouse,Gray,Sporty,F,159,4.92
Jeans,Green,Formal,F,168,3.95
Sneakers,Gray,Sporty,M,177,4.36
Jacket,Blue,Casual,M,185,4.71
Sneakers,Pink,Sporty,F,185,4.34
Jeans,Pink,Casual,M,162,3.75
Sneakers,Gray,Formal,M,174,3.45
Jeans,Black,Sporty,F,192,3.92
T-shirt,Brown,Casual,F,160,3.82
Sneakers,Pink,Formal,F,178,4.26
Jeans,Black,Casual,M,182,3.56
Shorts,White,Formal,F,197,4.44
Sneakers,Yellow,Sporty,F,178,3.15
Sandals,White,Sporty,F,181,3.07
Sweater,Red,Sporty,F,174,3.59
Skirt,White,Sporty,F,195,3.45
Jacket,Green,Casual,F,183,4.89
Shorts,Red,Formal,F,190,4.92
Shorts,Green,Casual,F,173,3.24
Dress,Purple,Formal,F,180,3.3
Jacket,Yellow,Formal,M,178,4.57
Dress,Blue,Formal,F,183,3.89
T-shirt,Pink,Formal,F,154,4.75
Sandals,Yellow,Sporty,F,150,3.52
Shorts,Green,Formal,F,169,4.47
Jeans,Gray,Casual,M,194,3.12
Jacket,Green,Casual,M,184,3.34
Sweater,Pink,Sporty,F,193,3.66
Sandals,Red,Sporty,F,155,3.55
Sweater,Green,Sporty,F,168,4.64
Shorts,Black,Formal,M,155,3.59
Jeans,Pink,Casual,F,181,4.33
Shorts,Blue,Casual,F,176,3.55
Jeans,Purple,Formal,M,156,3.19
Jeans,Yellow,Casual,M,186,4.66
Blouse,Brown,Sporty,F,162,3.62
Jacket,White,Casual,F,161,3.39
Sneakers,Gray,Formal,M,196,4.66
T-shirt,Green,Casual,M,164,4.52
Shorts,Brown,Casual,M,198,4.69
T-shirt,White,Sporty,F,178,4.23
Sweater,Purple,Sporty,F,171,4.26
T-shirt,Purple,Formal,M,154,3.68
Jeans,Pink,Casual,M,196,3.83
Blouse,Gray,Sporty,F,199,4.74
Skirt,Pink,Sporty,F,162,3.93
Sweater,Red,Sporty,F,183,3.84
Skirt,Pink,Sporty,F,192,3.56
T-shirt,Yellow,Sporty,M,193,4.66
Jeans,Yellow,Casual,M,163,4.09
Blouse,Purple,Sporty,F,171,4.51
Jacket,Green,Sporty,F,198,4.21
Jeans,Red,Formal,M,171,3.37
Shorts,Yellow,Sporty,F,191,3.74
Sneakers,Black,Casual,M,176,4.43
Jeans,Green,Sporty,M,155,3.13
Jeans,Green,Casual,M,164,3.23
Sweater,Blue,Sporty,F,154,3.2
Sneakers,Purple,Formal,M,167,4.41
Shorts,Black,Sporty,M,157,4.44
Shorts,Brown,Formal,M,162,4.43
Skirt,White,Sporty,F,197,4.5
Jacket,Purple,Formal,F,153,4.82
Jacket,Yellow,Formal,F,156,4.98
Skirt,Pink,Sporty,F,170,4.73
Sneakers,Red,Sporty,F,189,4.19
Jacket,Gray,Formal,M,169,4.33
Shorts,White,Formal,M,174,4.94
Jacket,White,Casual,M,160,4.68
Jacket,Green,Casual,M,198,4.47
Jacket,Brown,Sporty,M,169,3.37
Sneakers,Purple,Formal,M,179,3.68
Skirt,Yellow,Sporty,F,163,4.09
Sneakers,Black,Sporty,M,164,3.55
Jeans,Red,Casual,F,181,3.43
Sweater,Black,Sporty,F,151,4.98
Sneakers,Blue,Casual,F,191,4.06
Sneakers,Gray,Formal,F,164,3.74
Sneakers,Purple,Formal,M,200,3.63
Jacket,White,Casual,M,188,3.93
Sneakers,Red,Casual,M,168,4.2
Blouse,Blue,Sporty,F,199,3.65
Jeans,Gray,Sporty,M,184,4.58
T-shirt,Gray,Formal,F,187,4.19
Shorts,Purple,Sporty,M,184,4.31
Shorts,Green,Formal,M,170,4.39
Jacket,Gray,Sporty,M,170,3.83
Jeans,Green,Sporty,F,168,4.31
Jeans,Brown,Casual,M,153,4.94
Jeans,Yellow,Casual,M,167,4.73
T-shirt,Yellow,Formal,F,169,4.93
Jeans,Brown,Formal,F,185,3.36
Jacket,Blue,Casual,M,185,3.9
Sneakers,Brown,Sporty,M,186,4.66
Jacket,Green,Sporty,M,150,3.29
Shorts,Red,Sporty,M,191,3.58
Jacket,Yellow,Casual,M,198,4.39
T-shirt,Pink,Sporty,M,195,4.17
Sneakers,Blue,Sporty,M,172,3.83
Jacket,Red,Casual,M,187,3.23
Jeans,Green,Formal,M,183,3.69
Sneakers,Blue,Sporty,F,162,3.5
Jacket,Blue,Casual,M,167,3.79
Skirt,Black,Sporty,F,158,4.45
T-shirt,Brown,Sporty,M,151,3.52
Sneakers,Black,Formal,M,192,4.83
Jacket,Purple,Sporty,M,162,3.84
Dress,Black,Formal,F,193,4.2
Jacket,Brown,Sporty,F,150,3.12
Shorts,Purple,Casual,F,169,3.49
Jeans,Yellow,Formal,M,193,3.28
Jeans,Pink,Casual,M,185,3.36
Jacket,White,Sporty,F,174,3.93
T-shirt,Red,Casual,M,165,4.89
Skirt,Red,Sporty,F,176,3.63
Jeans,Brown,Casual,M,150,3.08
Shorts,Gray,Casual,M,176,4.36
Jacket,White,Sporty,M,182,4.01
Jacket,Brown,Casual,M,164,4.2
Jeans,Purple,Casual,M,191,4.12
Jeans,Red,Casual,M,181,3.93
Skirt,Blue,Sporty,F,156,4.25
T-shirt,Purple,Formal,M,172,4.6
Jacket,Brown,Sporty,M,157,3.59
Jeans,Red,Formal,M,176,4.62
Jacket,Pink,Formal,M,161,3.36
Jacket,Pink,Casual,M,192,4.49
Skirt,Gray,Sporty,F,186,3.15
Shorts,Blue,Casual,F,187,4.7
Sneakers,Red,Sporty,F,196,3.68
Jacket,Brown,Sporty,M,183,4.48
Jacket,Blue,Sporty,F,177,4.53
Shorts,Green,Formal,F,183,3.51
Jacket,Blue,Casual,F,179,3.93
T-shirt,Pink,Formal,M,188,4.02
Sweater,Blue,Sporty,F,177,3.29
Jeans,Brown,Sporty,M,153,4.51
Jeans,Yellow,Casual,M,162,3.86
Blouse,Blue,Sporty,F,172,3.82
Blouse,Red,Sporty,F,171,3.22
Sneakers,Purple,Casual,F,177,4.93
Sneakers,Blue,Casual,M,196,3.07
Blouse,Blue,Sporty,F,157,4.24
T-shirt,Yellow,Sporty,F,183,3.88
Shorts,Brown,Formal,F,171,3.85
Jacket,Brown,Formal,M,161,4.85
Shorts,Red,Formal,M,200,3.91
Jacket,Brown,Formal,M,165,3.33
Shorts,Blue,Sporty,M,185,4.64
Jeans,Yellow,Sporty,M,173,4.65
Jeans,Green,Formal,M,181,4.72
T-shirt,Gray,Formal,M,177,3.61
Shorts,Purple,Casual,M,185,3.72
Sneakers,Brown,Sporty,M,169,4.8
Jeans,Green,Formal,F,190,3.07
Jacket,Black,Sporty,M,174,4.32
Shorts,White,Sporty,M,175,4.91
Sweater,Gray,Sporty,F,186,4.21
T-shirt,Green,Formal,M,183,3.44
Sneakers,Brown,Casual,M,190,4.15
Sweater,Blue,Sporty,F,176,4.13
Jacket,Red,Casual,F,150,3.54
Skirt,White,Sporty,F,199,4.93
Sandals,Green,Sporty,F,174,4.14
Jeans,Black,Casual,M,194,3.11
Sneakers,Green,Formal,F,195,4.11
Shorts,Black,Casual,F,171,4.43
Sneakers,White,Casual,F,186,3.44
Sweater,Purple,Sporty,F,182,4.0
Jeans,Gray,Sporty,F,170,3.02
Jacket,Brown,Sporty,F,189,4.25
Jeans,Gray,Casual,F,171,4.49
Jacket,Black,Casual,F,157,3.35
Shorts,Green,Casual,M,165,3.9
Jacket,Pink,Sporty,M,165,3.79
T-shirt,Brown,Formal,F,173,4.07
Blouse,Gray,Sporty,F,163,3.58
Jacket,Purple,Formal,M,153,3.43
Jeans,Brown,Sporty,M,177,3.56
Skirt,Black,Sporty,F,190,4.61
Sneakers,Blue,Casual,M,190,3.7
Jacket,Black,Sporty,M,155,3.41
Jeans,White,Formal,F,163,4.16
Jeans,Brown,Sporty,M,197,4.91
Skirt,Red,Sporty,F,195,4.38
Jacket,Brown,Formal,M,158,4.87
T-shirt,Pink,Formal,M,171,3.48
Shorts,Yellow,Sporty,M,167,3.36
Sandals,Green,Sporty,F,182,3.81
Dress,Gray,Formal,F,198,4.03
Sandals,Purple,Sporty,F,158,3.27
Shorts,Yellow,Sporty,F,185,4.91
Sneakers,White,Casual,M,171,3.1
Jacket,Purple,Sporty,M,181,4.71
Jacket,Black,Sporty,M,189,4.98
Blouse,Pink,Sporty,F,188,4.95
Jacket,Red,Casual,M,196,3.63
Shorts,Brown,Casual,F,167,4.59
T-shirt,Green,Formal,M,198,4.57
T-shirt,White,Sporty,F,189,3.18
Jeans,Black,Formal,F,173,4.25
T-shirt,Purple,Casual,F,181,4.12
Dress,Brown,Formal,F,162,4.46
Sandals,Green,Sporty,F,164,3.4
T-shirt,Blue,Sporty,M,161,3.31
Jeans,Blue,Casual,F,167,3.68
Sneakers,Gray,Casual,M,152,3.74
Sneakers,Black,Formal,M,179,4.29
T-shirt,Red,Formal,F,150,4.07
Jeans,White,Formal,M,154,4.64
Blouse,Red,Sporty,F,173,4.24
Sweater,Red,Sporty,F,181,4.5
Sweater,Green,Sporty,F,182,3.2
Jacket,Yellow,Sporty,M,151,4.26
T-shirt,Brown,Formal,F,184,4.47
Shorts,Black,Formal,F,169,4.08
Sneakers,White,Casual,F,200,3.85
Sneakers,Brown,Sporty,M,191,4.85
Jacket,Black,Formal,M,190,3.09
Blouse,Yellow,Sporty,F,174,3.91
Jeans,Black,Sporty,M,159,3.08
T-shirt,White,Formal,M,158,4.19
Jacket,White,Formal,M,191,4.27
Jacket,Green,Sporty,M,194,3.14
Shorts,Black,Sporty,F,195,4.23
Jacket,Yellow,Formal,M,153,3.39
Blouse,Purple,Sporty,F,195,4.38
Jeans,Black,Formal,F,189,3.33
Skirt,Red,Sporty,F,177,4.66
Sweater,Blue,Sporty,F,161,5.0
Sneakers,Green,Formal,M,198,4.84
Blouse,Gray,Sporty,F,179,3.08
Shorts,Gray,Formal,M,154,3.93
Sneakers,Red,Casual,M,154,4.66
Jeans,Red,Casual,M,175,3.44
Dress,Gray,Formal,F,185,4.0
Shorts,Brown,Casual,M,160,4.52
T-shirt,Green,Sporty,F,191,4.59
Sneakers,White,Casual,M,171,3.18
Jacket,Black,Sporty,M,176,4.66
T-shirt,Blue,Sporty,M,154,3.16
Sneakers,Red,Formal,M,150,3.88
T-shirt,Blue,Sporty,M,200,3.24
Jacket,Green,Casual,F,176,4.56
Jeans,Purple,Sporty,M,157,4.55
Jacket,Pink,Casual,M,189,3.08
Shorts,Green,Casual,F,178,4.75
Sneakers,Black,Formal,F,192,4.8
Shorts,Gray,Sporty,F,194,3.72
T-shirt,Pink,Casual,F,173,3.42
Jeans,Blue,Sporty,F,164,3.02
Jacket,Yellow,Sporty,M,153,4.47
Shorts,Black,Sporty,M,192,3.61
Jacket,White,Sporty,M,150,3.91
Skirt,Purple,Sporty,F,153,3.45
Sandals,Black,Sporty,F,200,3.73
Sneakers,Black,Sporty,M,195,3.11
Sweater,Gray,Sporty,F,163,4.12
Dress,Black,Formal,F,190,4.97
Sandals,Gray,Sporty,F,185,3.64
Jeans,Green,Formal,M,186,3.4
T-shirt,Black,Formal,M,183,3.92
Jeans,Blue,Formal,F,181,4.5
Jacket,Yellow,Casual,M,155,4.64
Sneakers,Red,Casual,F,180,4.13
T-shirt,Gray,Casual,M,193,4.5
Jacket,White,Casual,M,173,3.79
Sweater,Brown,Sporty,F,151,3.44
Shorts,Red,Sporty,M,175,3.33
Jeans,Purple,Sporty,F,185,4.24
T-shirt,Black,Sporty,M,182,3.37
T-shirt,Black,Formal,M,198,3.45
Sweater,Pink,Sporty,F,173,3.42
Jeans,Gray,Casual,M,190,4.57
T-shirt,White,Formal,F,193,4.61
T-shirt,Green,Formal,M,181,3.44
Shorts,Yellow,Casual,M,152,3.88
Dress,Green,Formal,F,179,4.45
Sneakers,Green,Formal,M,184,4.47
Sneakers,Red,Formal,F,175,3.26
Sandals,Blue,Sporty,F,184,3.29
Skirt,Black,Sporty,F,166,4.61
Shorts,Black,Formal,M,191,3.27
T-shirt,Black,Formal,F,166,4.33
Sneakers,Gray,Sporty,F,199,3.81
Sandals,White,Sporty,F,150,4.11
Jeans,Brown,Casual,F,167,3.52
Jeans,White,Sporty,M,183,3.86
Shorts,Purple,Sporty,M,173,3.97
T-shirt,Black,Sporty,F,174,3.31
Jeans,Green,Casual,M,152,4.7
Jeans,Black,Sporty,M,190,4.18
Sneakers,Black,Casual,M,171,4.23
Jeans,Blue,Casual,M,177,3.17
Skirt,White,Sporty,F,156,4.3
T-shirt,Brown,Casual,F,181,4.75
Jeans,Blue,Formal,M,162,3.01
Jeans,Pink,Formal,F,172,3.25
Sneakers,Yellow,Sporty,F,165,4.77
Sweater,Yellow,Sporty,F,163,4.0
Jacket,Purple,Casual,M,200,3.92
T-shirt,Black,Casual,F,153,3.37
Jacket,Blue,Casual,F,184,3.89
Skirt,White,Sporty,F,186,3.64
Dress,Pink,Formal,F,184,4.19
Shorts,Blue,Formal,F,194,3.63
Sneakers,Pink,Casual,M,200,4.77
T-shirt,Gray,Formal,F,154,3.89
Sandals,Yellow,Sporty,F,183,3.77
Jeans,Red,Casual,M,162,4.1
Sneakers,Green,Sporty,F,150,4.48
Sandals,White,Sporty,F,164,4.1
Jeans,Black,Casual,F,163,3.04
Jeans,White,Casual,M,157,4.47
Jacket,White,Formal,M,181,3.49
Skirt,White,Sporty,F,155,4.11
Sneakers,Green,Casual,M,199,4.69
Jeans,Blue,Casual,M,198,4.4
Jeans,Pink,Formal,M,200,4.94
Sweater,Gray,Sporty,F,194,3.88
T-shirt,Yellow,Sporty,M,172,4.85
Jacket,Pink,Formal,M,162,4.08
Jeans,Green,Formal,M,168,4.3
Jeans,Green,Formal,M,184,3.61
T-shirt,Green,Formal,M,172,3.9
Jeans,Purple,Formal,M,177,3.35
Sweater,White,Sporty,F,171,3.23
Shorts,Black,Casual,F,152,3.04
Jacket,Blue,Formal,M,174,3.62
Shorts,Red,Sporty,F,162,4.32
Sandals,Blue,Sporty,F,172,4.79
Shorts,Yellow,Formal,M,154,3.96
Jacket,White,Sporty,M,160,4.35
Blouse,Brown,Sporty,F,173,3.85
Shorts,Brown,Formal,F,185,3.47
Jeans,Blue,Casual,M,177,4.87
Jeans,Brown,Formal,M,197,4.45
Sweater,Gray,Sporty,F,151,3.2
Jeans,Red,Casual,M,164,3.87
Shorts,Pink,Casual,F,168,3.35
T-shirt,Yellow,Sporty,M,187,3.22
T-shirt,Blue,Casual,M,182,4.23
Sneakers,White,Sporty,M,168,3.08
Jeans,Red,Sporty,M,180,4.65
Sneakers,Red,Casual,M,191,4.79
Sandals,Gray,Sporty,F,150,3.56
Sweater,Green,Sporty,F,166,3.26
Jeans,Red,Formal,M,187,3.24
Shorts,Red,Casual,M,150,3.42
Sneakers,Pink,Sporty,F,158,4.25
Shorts,Red,Sporty,M,181,4.87
Skirt,Red,Sporty,F,151,4.14
T-shirt,Blue,Sporty,M,154,3.65
Sandals,Red,Sporty,F,178,3.35
Shorts,Green,Casual,F,179,3.12
Dress,Pink,Formal,F,174,4.21
Sandals,Green,Sporty,F,186,3.55
Dress,Red,Formal,F,151,4.05
Jacket,Gray,Casual,M,166,4.06
Shorts,Green,Formal,F,194,4.68
Jacket,Brown,Formal,F,197,3.84
Skirt,Brown,Sporty,F,164,4.14
T-shirt,Yellow,Sporty,M,152,4.81
Shorts,Green,Sporty,F,195,3.74
Dress,Gray,Formal,F,182,4.48
Sneakers,Blue,Sporty,F,167,3.75
Dress,Brown,Formal,F,182,4.74
Sandals,Purple,Sporty,F,163,3.77
Jeans,Blue,Casual,F,152,3.76
Jacket,Yellow,Casual,M,161,4.21
T-shirt,Yellow,Casual,F,174,3.95
Sneakers,Black,Formal,F,163,4.1
Shorts,Black,Casual,F,157,4.31
T-shirt,Purple,Casual,M,150,4.89
Sneakers,Blue,Casual,F,184,4.56
Jeans,White,Sporty,F,163,3.37
Jacket,Brown,Casual,F,164,4.7
Jacket,Brown,Sporty,M,171,3.05
Jacket,White,Sporty,F,187,3.47
Sneakers,Brown,Casual,F,175,3.79
T-shirt,White,Casual,M,197,3.37
Jacket,White,Casual,M,191,3.29
Dress,White,Formal,F,190,4.61
Jeans,Brown,Casual,M,192,3.64
Jacket,Blue,Sporty,F,160,3.84
Jacket,Blue,Formal,M,181,4.82
Jacket,Blue,Casual,F,159,3.72
Sneakers,Pink,Formal,F,168,4.12
Jeans,Pink,Sporty,F,170,4.91
Jacket,Black,Sporty,M,196,3.18
Sneakers,Gray,Formal,M,171,4.77
Shorts,Brown,Formal,M,178,4.03
Blouse,Red,Sporty,F,191,3.68
Jeans,Yellow,Formal,F,176,4.54
Shorts,Blue,Sporty,F,170,4.42
Shorts,Green,Formal,M,195,4.3
Jeans,Purple,Formal,M,169,4.69
Sneakers,Brown,Formal,M,175,3.97
T-shirt,Gray,Sporty,F,172,4.5
Sneakers,Pink,Sporty,F,157,4.65
T-shirt,Pink,Formal,M,159,3.39
Jacket,Brown,Sporty,F,194,3.14
Sweater,Red,Sporty,F,199,4.71
Sweater,Green,Sporty,F,155,3.83
Jeans,Green,Formal,F,191,3.19
Jacket,Black,Formal,M,198,4.75
Sneakers,Green,Casual,M,177,4.24
Jeans,Purple,Formal,M,193,4.78
Sneakers,Gray,Formal,M,171,3.17
Shorts,Yellow,Casual,F,165,4.69
Blouse,Pink,Sporty,F,186,3.05
Jeans,Yellow,Formal,M,177,4.55
Sneakers,Purple,Formal,M,192,3.9
T-shirt,White,Sporty,M,172,3.14
T-shirt,Pink,Formal,F,194,3.7
Jeans,Pink,Sporty,F,162,4.98
Skirt,Yellow,Sporty,F,153,4.4
Jeans,Yellow,Casual,M,163,4.36
Jeans,Brown,Formal,M,200,4.84
Jeans,Gray,Sporty,M,196,3.17
Dress,Red,Formal,F,153,4.35
Shorts,Purple,Casual,M,183,4.29
Shorts,Pink,Casual,M,167,4.08
Sneakers,Black,Formal,F,158,4.12
Jacket,Yellow,Sporty,F,172,3.83
Jacket,Gray,Formal,F,198,3.89
Sweater,Red,Sporty,F,156,3.29
T-shirt,Pink,Sporty,M,184,3.56
Jacket,Yellow,Formal,M,166,4.53
Jeans,Yellow,Sporty,F,156,3.79
Sweater,Red,Sporty,F,177,3.18
Shorts,Purple,Sporty,M,160,3.19
Jacket,Black,Sporty,M,192,3.41
Sneakers,Green,Sporty,M,197,3.51
Jacket,White,Formal,F,182,4.8
Jacket,Purple,Formal,F,161,3.22
Jeans,Blue,Formal,M,188,3.08
Jacket,Gray,Sporty,M,194,3.79
Jacket,Red,Casual,M,167,4.23
Sweater,Purple,Sporty,F,160,4.55
Skirt,Purple,Sporty,F,156,4.37
Sneakers,Red,Formal,F,181,4.63
T-shirt,Green,Sporty,M,168,3.73
Sweater,Brown,Sporty,F,182,4.71
Jacket,Gray,Formal,M,165,3.79
Jacket,Red,Formal,F,181,4.53
Jacket,Brown,Formal,M,198,3.89
Shorts,Yellow,Casual,M,192,3.8
Sneakers,Blue,Sporty,F,157,4.91
Shorts,Red,Casual,M,153,3.86
Skirt,Brown,Sporty,F,195,3.6
Shorts,White,Sporty,F,175,4.21
Blouse,Green,Sporty,F,169,4.22
Jeans,Blue,Casual,M,167,4.31
Sneakers,Pink,Casual,F,162,3.84
Jacket,Red,Formal,M,176,4.37
Jacket,Brown,Sporty,M,183,4.14
Jeans,Blue,Sporty,F,151,4.12
Jacket,White,Sporty,F,155,4.88
Sneakers,Green,Casual,M,196,4.66
Dress,Blue,Formal,F,192,4.54
Jeans,Yellow,Sporty,M,175,4.4
Sneakers,Blue,Sporty,F,165,4.16
Blouse,Black,Sporty,F,151,3.21
T-shirt,Gray,Sporty,M,153,4.71
Jeans,Gray,Sporty,M,164,4.63
Shorts,Yellow,Formal,F,187,3.99
Sneakers,White,Sporty,M,182,4.49
T-shirt,Black,Casual,F,169,4.39
Jeans,Purple,Formal,F,174,3.49
Skirt,Purple,Sporty,F,171,3.23
Jeans,Black,Formal,M,159,3.81
Sneakers,Purple,Sporty,M,179,3.62
Jeans,Black,Formal,M,188,3.99
Sneakers,Yellow,Sporty,M,189,3.16
Blouse,Yellow,Sporty,F,182,4.04
T-shirt,Pink,Formal,M,198,3.72
Sandals,Green,Sporty,F,171,3.41
Dress,Purple,Formal,F,190,3.86
Dress,Pink,Formal,F,194,4.34
Sweater,Black,Sporty,F,167,3.31
Blouse,Pink,Sporty,F,151,4.89
Jacket,Brown,Formal,M,156,4.33
T-shirt,Brown,Formal,F,162,3.53
Sneakers,Red,Casual,F,157,4.65
Jeans,White,Formal,F,195,3.94
Sneakers,Brown,Sporty,F,185,4.55
Jeans,Black,Formal,F,194,4.97
T-shirt,Red,Casual,M,185,4.23
T-shirt,Brown,Casual,M,178,3.15
Jacket,Gray,Casual,M,187,4.29
Jacket,White,Formal,M,194,4.74
Shorts,Gray,Sporty,M,154,4.38
Jacket,Brown,Sporty,M,189,3.39
Sneakers,Purple,Casual,M,168,4.91
T-shirt,White,Formal,M,154,3.54
Sneakers,Red,Sporty,M,186,4.98
Blouse,Gray,Sporty,F,171,4.08
T-shirt,Pink,Casual,F,200,4.48
Sneakers,White,Casual,M,192,3.28
Sweater,Gray,Sporty,F,157,3.62
Sweater,Red,Sporty,F,178,3.97
Jeans,Brown,Formal,M,197,3.71
Shorts,Blue,Casual,M,158,4.37
Jacket,White,Sporty,M,177,3.42
T-shirt,Yellow,Formal,M,198,4.29
Jacket,Purple,Sporty,M,188,3.44
Jacket,Pink,Sporty,M,151,3.27
Blouse,Black,Sporty,F,168,4.44
Jacket,Red,Casual,F,185,4.54
Sneakers,Yellow,Formal,M,177,3.2
T-shirt,Gray,Formal,F,198,3.29
Skirt,White,Sporty,F,170,3.96
Sandals,Brown,Sporty,F,166,4.25
Sandals,Black,Sporty,F,179,3.32
T-shirt,Gray,Formal,M,150,3.9
T-shirt,Green,Formal,M,183,3.68
Shorts,Purple,Sporty,F,177,4.5
Shorts,Blue,Formal,F,194,4.16
Sweater,Pink,Sporty,F,175,3.76
Jacket,Red,Formal,F,183,4.78
T-shirt,Blue,Casual,M,163,3.76
T-shirt,Gray,Formal,F,175,4.64
Sandals,Gray,Sporty,F,186,4.78
Shorts,Yellow,Sporty,M,183,3.36
Sandals,Green,Sporty,F,155,3.32
Jacket,White,Formal,M,178,4.88
T-shirt,Black,Formal,M,157,3.65
T-shirt,Purple,Sporty,M,190,4.91
Blouse,Black,Sporty,F,161,4.36
T-shirt,Purple,Casual,F,169,4.59
Jacket,Blue,Casual,F,183,4.24
Sneakers,Red,Sporty,M,190,4.72
Shorts,Black,Formal,M,186,3.68
T-shirt,Pink,Formal,F,192,4.71
Jeans,Gray,Casual,F,156,4.39
Dress,Brown,Formal,F,188,3.44
Blouse,Yellow,Sporty,F,173,3.77
T-shirt,Black,Sporty,M,180,3.72
Shorts,Red,Formal,M,154,3.56
Jeans,Purple,Formal,F,181,3.9
Dress,Red,Formal,F,187,4.14
Jeans,Purple,Formal,F,198,4.22
T-shirt,Brown,Sporty,F,179,4.16
Shorts,Blue,Formal,M,158,4.79
Sweater,Green,Sporty,F,180,3.14
Shorts,Yellow,Sporty,F,152,3.53
Jeans,Purple,Sporty,M,157,4.63
Sandals,White,Sporty,F,153,4.58
Blouse,Gray,Sporty,F,196,3.59
Shorts,Gray,Sporty,F,184,3.9
Jacket,Pink,Sporty,F,152,4.32
Shorts,Black,Casual,F,178,4.89
Jeans,Black,Formal,F,187,3.98
Shorts,Yellow,Sporty,M,170,4.77
Sneakers,Green,Sporty,M,171,4.44
Jacket,Purple,Sporty,M,153,4.04
Shorts,Green,Casual,F,198,3.41
Jeans,Purple,Casual,M,180,3.31
Jeans,Red,Sporty,F,156,4.07
T-shirt,Yellow,Casual,F,191,4.59
Sneakers,Purple,Sporty,F,166,3.1
T-shirt,Green,Formal,F,188,3.37
T-shirt,Green,Formal,M,161,4.48
Sneakers,Green,Formal,F,199,4.24
Shorts,Green,Formal,M,155,5.0
Sandals,Gray,Sporty,F,183,3.99
Dress,Black,Formal,F,180,4.8
Jeans,Green,Casual,F,177,4.47
Jacket,Pink,Casual,M,183,4.9
Shorts,Purple,Casual,M,197,3.03
Sweater,Pink,Sporty,F,162,4.5
Jacket,Yellow,Sporty,M,195,3.06
Sneakers,Blue,Formal,M,196,4.54
Jeans,Red,Casual,M,172,3.91
Jeans,Blue,Casual,M,172,3.95
Sneakers,Blue,Formal,F,189,3.82
Jacket,Brown,Sporty,F,161,4.41
Sneakers,Black,Sporty,M,174,4.71
Jacket,Brown,Casual,M,176,4.29
Shorts,Red,Formal,F,161,4.83
Jeans,Brown,Sporty,F,173,3.95
Shorts,Blue,Formal,M,168,3.02
T-shirt,Brown,Formal,F,156,3.2
T-shirt,White,Sporty,M,182,4.08
T-shirt,Pink,Casual,M,171,3.53
Jacket,Blue,Sporty,F,167,4.52
Sneakers,Red,Casual,M,168,3.87
Skirt,Yellow,Sporty,F,155,3.15
Shorts,Green,Formal,F,177,3.98
Dress,Black,Formal,F,197,3.32
Jacket,Black,Formal,M,177,4.6
Jacket,Pink,Formal,M,157,4.4
Sandals,Yellow,Sporty,F,162,4.0
Sweater,Blue,Sporty,F,165,3.01
Sneakers,White,Formal,F,190,4.47
Jeans,Pink,Sporty,M,176,4.0
Jacket,Gray,Formal,M,153,4.38
Jeans,White,Sporty,M,150,3.71
Sneakers,Blue,Casual,F,180,4.62
Shorts,Yellow,Formal,M,178,4.11
Jeans,Purple,Casual,F,183,3.98
Jacket,Purple,Formal,M,152,4.89
Shorts,Blue,Formal,M,196,3.47
Shorts,White,Formal,M,161,4.29
T-shirt,Green,Sporty,M,188,4.3
Sandals,Purple,Sporty,F,164,3.89
Sneakers,Red,Casual,M,198,4.28
T-shirt,Yellow,Casual,M,156,3.44
Jeans,Blue,Casual,M,198,4.81
Jacket,Blue,Casual,M,159,4.79
Sweater,Pink,Sporty,F,192,3.43
Shorts,Black,Casual,M,156,4.31
Sweater,Gray,Sporty,F,185,4.32
Jeans,White,Formal,M,156,3.18
Jeans,Pink,Sporty,M,164,4.79
Shorts,White,Sporty,M,179,4.93
Jeans,Red,Formal,M,169,4.51
Sandals,Green,Sporty,F,200,4.56
T-shirt,Gray,Formal,M,178,3.1
Jeans,Brown,Casual,M,174,3.78
Sweater,Pink,Sporty,F,181,3.29
Sneakers,Red,Sporty,M,189,4.8
Shorts,Brown,Casual,F,163,4.3
Shorts,Yellow,Casual,M,175,4.98
T-shirt,Green,Casual,M,183,3.86
Sweater,Purple,Sporty,F,161,4.01
Shorts,Yellow,Casual,F,183,4.99
Jacket,Green,Sporty,F,160,3.01
T-shirt,Purple,Formal,M,191,3.97
Jeans,White,Sporty,M,192,4.43
T-shirt,Pink,Casual,M,160,3.25
Jeans,Yellow,Casual,M,168,4.34
Jeans,Yellow,Casual,F,181,4.52
Sweater,Black,Sporty,F,180,4.38
Jacket,Blue,Casual,M,179,3.98
T-shirt,Black,Formal,F,153,3.34
Jacket,Yellow,Sporty,F,169,4.83
Jacket,White,Sporty,M,195,4.58
Jeans,Black,Formal,M,178,4.87
Sneakers,Gray,Casual,F,158,3.1
Sneakers,Pink,Sporty,F,152,4.58
Dress,Black,Formal,F,190,3.78
Shorts,Brown,Sporty,M,151,3.71
Shorts,Blue,Casual,F,187,3.13
Jeans,White,Sporty,M,175,4.59
Shorts,Purple,Sporty,F,180,3.67
Jeans,Purple,Casual,F,158,4.34
Skirt,Black,Sporty,F,169,3.08
Skirt,Brown,Sporty,F,167,3.05
Shorts,Black,Casual,M,171,4.32
Sandals,Purple,Sporty,F,176,3.15
Dress,Green,Formal,F,199,4.77
Skirt,Blue,Sporty,F,159,3.72
Sneakers,White,Sporty,M,163,3.63
Blouse,Brown,Sporty,F,196,4.99
Sneakers,White,Formal,F,162,3.47
Jacket,Yellow,Formal,M,197,4.48
Shorts,Pink,Sporty,M,158,4.65
Shorts,Pink,Sporty,M,181,3.7
Shorts,Blue,Casual,F,182,4.93
T-shirt,Gray,Formal,M,173,3.95
Jeans,Gray,Casual,M,188,4.01
Shorts,Pink,Casual,M,159,3.12
Sneakers,Black,Formal,M,163,4.69
Shorts,Red,Formal,F,186,3.02
T-shirt,Gray,Formal,F,151,4.16
Jacket,Purple,Sporty,M,187,3.91
Jeans,White,Formal,M,169,4.56
Sneakers,White,Sporty,M,185,4.27
T-shirt,Green,Sporty,F,186,4.46
T-shirt,Black,Casual,F,170,4.33
Sandals,Green,Sporty,F,195,4.25
Shorts,Gray,Sporty,M,154,3.39
Sweater,Black,Sporty,F,192,3.54
Jacket,White,Formal,M,183,3.99
Shorts,Pink,Casual,M,189,4.21
Dress,Yellow,Formal,F,191,4.0
Jacket,Yellow,Formal,M,190,4.74
Sneakers,Yellow,Sporty,M,179,3.09
Jacket,White,Formal,M,192,4.12
Jeans,Pink,Sporty,M,164,3.98
Jeans,Yellow,Casual,M,184,3.39
Sneakers,Black,Formal,M,170,4.39
Jacket,Gray,Casual,M,197,4.94
Jacket,Black,Sporty,F,177,3.26
Jacket,Pink,Casual,M,176,4.09
Shorts,Purple,Formal,M,186,4.81
Jeans,Gray,Formal,M,191,3.46
Jeans,Gray,Formal,F,173,4.3
Sandals,Purple,Sporty,F,189,4.47
Shorts,Pink,Formal,F,171,4.65
Dress,Red,Formal,F,152,4.87
T-shirt,Red,Casual,M,176,3.5
Sneakers,Red,Formal,M,195,3.27
Dress,Blue,Formal,F,189,4.52
Jacket,Black,Casual,F,184,4.93
Jeans,Green,Casual,M,164,3.69
Jacket,Gray,Casual,M,150,4.91
Jeans,White,Sporty,M,199,3.2
T-shirt,Red,Sporty,M,192,3.28
Jeans,Green,Sporty,F,183,4.69
Blouse,Red,Sporty,F,164,4.55
Shorts,Purple,Casual,M,199,4.15
Sweater,Purple,Sporty,F,174,4.95
Sneakers,Black,Casual,M,183,3.33
T-shirt,Gray,Casual,F,189,3.81
Shorts,White,Casual,M,169,4.24
Sneakers,Black,Casual,M,192,3.52
Dress,Green,Formal,F,188,3.09
Jacket,Gray,Casual,M,180,4.75
Dress,Green,Formal,F,177,4.22
Dress,Red,Formal,F,182,4.0
Sweater,Pink,Sporty,F,163,4.96
Shorts,Purple,Sporty,F,152,4.26
Sneakers,Gray,Sporty,M,186,3.17
Sandals,Red,Sporty,F,198,4.7
Jacket,Gray,Casual,M,190,5.0
Jacket,Green,Sporty,M,169,3.27
Skirt,Black,Sporty,F,168,3.2
T-shirt,Brown,Formal,M,190,4.64
Sweater,Blue,Sporty,F,171,3.68
T-shirt,White,Sporty,M,155,3.3
Shorts,Yellow,Casual,F,171,3.27
Jeans,Red,Casual,M,186,4.24
Jacket,Brown,Sporty,F,195,4.91
