Item_ID,Category,Item_Name,Color,Style,Occasion,Gender,Matching_Items,Matching_Colors
1,Shoes,Running Shoes,Red,Sporty,Gym,Unisex,"Jogger Pants, Shorts","Black, Grey, White"
2,Trousers,Slim-fit Jeans,Blue,Casual,Casual,Men,"T-shirts, Sneakers","White, Grey"
3,Skirt,Maxi Skirt,Black,Casual,Casual,Women,"Blouses, Flats","White, Beige, Red"
4,Shoes,High Heels,Nude,Formal,Office,Women,"Dresses, Skirts","Black, White, Navy"
5,Trousers,Jogger Pants,Grey,Sporty,Gym,Unisex,"Hoodies, Sneakers","Black, White, Red"
6,Jacket,Leather Jacket,Black,Casual,Night Out,Unisex,"Trousers, Boots","White, Red, Grey"
7,Dress,Cocktail Dress,Pink,Formal,Party,Women,"Heels, Jackets","White, Black"
8,Shoes,Sneakers,White,Sporty,Casual,Unisex,"Trousers, Casual Jackets","Grey, Black, Blue"
9,Trousers,Chinos,Beige,Casual,Casual,Men,"Shirts, Loafers","White, Navy"
10,Blouse,Silk Blouse,Green,Formal,Office,Women,"Pants, Skirts","Black, White"
11,Shoes,High Heels,Grey,Formal,Night Out,Unisex,"Heels, Jackets","White, Navy"
12,Skirt,Slim-fit Jeans,Black,Sporty,Casual,Unisex,"Pants, Skirts","Black, White, Red"
13,Skirt,Sneakers,Red,Casual,Party,Unisex,"Trousers, Casual Jackets","Grey, Black, Blue"
14,Dress,Jogger Pants,Pink,Casual,Office,Men,"Shirts, Loafers","Black, White, Navy"
15,Trousers,Maxi Skirt,Blue,Casual,Gym,Unisex,"Trousers, Boots","White, Navy"
16,Jacket,Maxi Skirt,Nude,Sporty,Casual,Unisex,"Blouses, Flats","White, Beige, Red"
17,Skirt,Running Shoes,Black,Casual,Party,Men,"Dresses, Skirts","Black, Grey, White"
18,Dress,Maxi Skirt,Black,Sporty,Night Out,Unisex,"Trousers, Casual Jackets","Black, White, Navy"
19,Trousers,Sneakers,Green,Casual,Casual,Men,"Hoodies, Sneakers","Grey, Black, Blue"
20,Dress,Slim-fit Jeans,Black,Formal,Party,Women,"Blouses, Flats","White, Grey"
21,Skirt,Silk Blouse,Grey,Formal,Gym,Women,"Dresses, Skirts","White, Beige, Red"
22,Trousers,Leather Jacket,Green,Casual,Party,Women,"Jogger Pants, Shorts","White, Grey"
23,Shoes,High Heels,Black,Sporty,Party,Women,"Shirts, Loafers","White, Beige, Red"
24,Shoes,Running Shoes,Green,Formal,Night Out,Men,"Jogger Pants, Shorts","Black, White, Navy"
25,Shoes,Jogger Pants,Blue,Casual,Casual,Unisex,"Trousers, Boots","White, Red, Grey"
26,Dress,Chinos,Red,Formal,Gym,Men,"Blouses, Flats","Grey, Black, Blue"
27,Jacket,Leather Jacket,Blue,Formal,Casual,Unisex,"Trousers, Boots","White, Red, Grey"
28,Shoes,Jogger Pants,Nude,Sporty,Casual,Women,"Trousers, Casual Jackets","Grey, Black, Blue"
29,Trousers,High Heels,Red,Sporty,Party,Men,"Trousers, Casual Jackets","Black, Grey, White"
30,Trousers,Leather Jacket,Black,Formal,Casual,Unisex,"Blouses, Flats","Black, White, Red"
31,Blouse,Maxi Skirt,Red,Sporty,Casual,Men,"Jogger Pants, Shorts","White, Black"
32,Shoes,Cocktail Dress,Green,Formal,Casual,Women,"Jogger Pants, Shorts","White, Black"
33,Shoes,High Heels,Blue,Sporty,Gym,Men,"Trousers, Casual Jackets","White, Red, Grey"
34,Blouse,Cocktail Dress,Pink,Casual,Night Out,Women,"T-shirts, Sneakers","White, Red, Grey"
35,Trousers,Chinos,Grey,Sporty,Casual,Unisex,"Trousers, Casual Jackets","White, Grey"
36,Jacket,Leather Jacket,Grey,Sporty,Gym,Men,"Heels, Jackets","White, Beige, Red"
37,Trousers,High Heels,Green,Casual,Night Out,Women,"Trousers, Casual Jackets","White, Red, Grey"
38,Shoes,Sneakers,Green,Formal,Casual,Women,"Blouses, Flats","Black, White, Navy"
39,Dress,Leather Jacket,Grey,Sporty,Night Out,Unisex,"Dresses, Skirts","Grey, Black, Blue"
40,Jacket,Cocktail Dress,Blue,Formal,Night Out,Unisex,"Pants, Skirts","Black, White, Navy"
41,Dress,Chinos,Red,Sporty,Casual,Women,"Heels, Jackets","White, Red, Grey"
42,Dress,Chinos,White,Sporty,Gym,Unisex,"Trousers, Casual Jackets","White, Black"
43,Skirt,Silk Blouse,Beige,Sporty,Office,Women,"Shirts, Loafers","White, Grey"
44,Jacket,Silk Blouse,Green,Casual,Office,Women,"Pants, Skirts","Black, Grey, White"
45,Skirt,Running Shoes,Black,Sporty,Party,Unisex,"Hoodies, Sneakers","White, Black"
46,Dress,High Heels,Pink,Formal,Office,Women,"Trousers, Boots","White, Beige, Red"
47,Dress,Jogger Pants,Nude,Sporty,Gym,Men,"Heels, Jackets","White, Red, Grey"
48,Shoes,Cocktail Dress,Red,Casual,Night Out,Men,"T-shirts, Sneakers","Grey, Black, Blue"
49,Skirt,Silk Blouse,Black,Casual,Office,Unisex,"Trousers, Boots","White, Beige, Red"
50,Skirt,High Heels,Green,Sporty,Gym,Women,"Trousers, Casual Jackets","White, Red, Grey"
51,Skirt,Cocktail Dress,White,Casual,Gym,Women,"Heels, Jackets","White, Beige, Red"
52,Blouse,Silk Blouse,Grey,Casual,Gym,Women,"Pants, Skirts","White, Black"
53,Jacket,Sneakers,Nude,Sporty,Casual,Women,"Dresses, Skirts","Black, Grey, White"
54,Shoes,Leather Jacket,Red,Formal,Party,Unisex,"Trousers, Boots","Black, White, Navy"
55,Blouse,Maxi Skirt,Beige,Casual,Night Out,Unisex,"Shirts, Loafers","White, Navy"
56,Skirt,Sneakers,Red,Casual,Night Out,Men,"Shirts, Loafers","White, Black"
57,Shoes,Cocktail Dress,Blue,Sporty,Night Out,Men,"Blouses, Flats","White, Black"
58,Blouse,Maxi Skirt,Grey,Casual,Casual,Women,"Heels, Jackets","White, Black"
59,Shoes,Cocktail Dress,Pink,Casual,Office,Unisex,"Heels, Jackets","Grey, Black, Blue"
60,Blouse,Maxi Skirt,Pink,Casual,Casual,Men,"Blouses, Flats","White, Black"
61,Shoes,High Heels,Red,Formal,Office,Women,"Hoodies, Sneakers","White, Navy"
62,Blouse,Leather Jacket,Black,Casual,Casual,Women,"T-shirts, Sneakers","Black, White, Navy"
63,Shoes,Jogger Pants,Blue,Formal,Party,Women,"Jogger Pants, Shorts","Black, White, Navy"
64,Shoes,Running Shoes,Nude,Formal,Casual,Unisex,"Blouses, Flats","White, Black"
65,Shoes,Sneakers,Green,Formal,Casual,Unisex,"Trousers, Casual Jackets","White, Black"
66,Dress,Jogger Pants,Blue,Casual,Gym,Women,"Trousers, Boots","White, Navy"
67,Shoes,Silk Blouse,Green,Sporty,Casual,Unisex,"Hoodies, Sneakers","White, Beige, Red"
68,Blouse,Jogger Pants,Black,Sporty,Night Out,Unisex,"T-shirts, Sneakers","White, Red, Grey"
69,Jacket,Leather Jacket,Beige,Casual,Party,Unisex,"Shirts, Loafers","Black, Grey, White"
70,Shoes,Slim-fit Jeans,Blue,Sporty,Gym,Unisex,"Heels, Jackets","White, Grey"
71,Trousers,Cocktail Dress,Beige,Formal,Gym,Men,"Pants, Skirts","White, Red, Grey"
72,Skirt,Running Shoes,Beige,Formal,Office,Men,"Trousers, Casual Jackets","Black, White"
73,Dress,Cocktail Dress,Beige,Sporty,Night Out,Men,"T-shirts, Sneakers","Black, White, Red"
74,Jacket,Cocktail Dress,Grey,Sporty,Gym,Women,"Blouses, Flats","Black, White, Red"
75,Dress,Sneakers,White,Formal,Office,Men,"Dresses, Skirts","White, Black"
76,Shoes,Silk Blouse,Blue,Casual,Party,Men,"Dresses, Skirts","Black, Grey, White"
77,Jacket,Cocktail Dress,White,Sporty,Party,Men,"Trousers, Casual Jackets","Grey, Black, Blue"
78,Dress,Leather Jacket,Green,Formal,Casual,Men,"Trousers, Boots","Grey, Black, Blue"
79,Blouse,Silk Blouse,Nude,Sporty,Casual,Men,"Trousers, Boots","White, Navy"
80,Blouse,Slim-fit Jeans,White,Sporty,Gym,Women,"Blouses, Flats","White, Grey"
81,Skirt,Leather Jacket,Nude,Sporty,Night Out,Unisex,"Dresses, Skirts","White, Grey"
82,Shoes,Leather Jacket,White,Casual,Party,Men,"Heels, Jackets","Black, White, Navy"
83,Jacket,Running Shoes,Grey,Formal,Night Out,Women,"Dresses, Skirts","White, Beige, Red"
84,Trousers,Running Shoes,Blue,Sporty,Party,Women,"Dresses, Skirts","Grey, Black, Blue"
85,Skirt,High Heels,Green,Casual,Night Out,Women,"Jogger Pants, Shorts","Black, White, Navy"
86,Jacket,Silk Blouse,Green,Sporty,Office,Women,"Pants, Skirts","White, Red, Grey"
87,Shoes,Silk Blouse,Green,Sporty,Night Out,Men,"Pants, Skirts","Black, White"
88,Skirt,Leather Jacket,Black,Sporty,Casual,Women,"Blouses, Flats","Black, White"
89,Skirt,Cocktail Dress,Nude,Sporty,Office,Men,"Hoodies, Sneakers","White, Red, Grey"
90,Skirt,Running Shoes,Pink,Sporty,Gym,Women,"T-shirts, Sneakers","Black, White, Red"
91,Jacket,Leather Jacket,White,Formal,Office,Women,"Shirts, Loafers","Grey, Black, Blue"
92,Blouse,Chinos,Beige,Formal,Office,Men,"Pants, Skirts","Black, White"
93,Shoes,Jogger Pants,Beige,Casual,Office,Men,"Blouses, Flats","White, Navy"
94,Shoes,Maxi Skirt,Blue,Casual,Casual,Men,"Blouses, Flats","Black, White, Red"
95,Dress,Cocktail Dress,Green,Sporty,Night Out,Men,"Jogger Pants, Shorts","Black, White, Navy"
96,Skirt,Chinos,Beige,Casual,Gym,Women,"T-shirts, Sneakers","White, Navy"
97,Blouse,High Heels,Green,Sporty,Night Out,Unisex,"T-shirts, Sneakers","Grey, Black, Blue"
98,Blouse,Sneakers,Beige,Sporty,Casual,Unisex,"Trousers, Casual Jackets","Black, White, Navy"
99,Blouse,Cocktail Dress,Nude,Casual,Party,Men,"T-shirts, Sneakers","Grey, Black, Blue"
100,Jacket,Silk Blouse,Pink,Sporty,Casual,Women,"Trousers, Boots","White, Navy"
101,Trousers,Leather Jacket,Green,Sporty,Office,Men,"Trousers, Boots","Black, Grey, White"
102,Dress,Jogger Pants,Black,Formal,Casual,Women,"Jogger Pants, Shorts","Black, White, Red"
103,Jacket,Sneakers,Blue,Casual,Night Out,Unisex,"Pants, Skirts","Black, White, Red"
104,Skirt,High Heels,White,Sporty,Gym,Women,"Trousers, Boots","Black, White"
105,Jacket,High Heels,Beige,Formal,Gym,Women,"Hoodies, Sneakers","Black, White, Red"
106,Blouse,Slim-fit Jeans,Black,Casual,Office,Unisex,"T-shirts, Sneakers","White, Navy"
107,Dress,Running Shoes,Beige,Casual,Office,Women,"T-shirts, Sneakers","White, Black"
108,Trousers,High Heels,Blue,Sporty,Casual,Men,"Blouses, Flats","Black, White, Navy"
109,Blouse,High Heels,Beige,Casual,Night Out,Women,"Shirts, Loafers","Black, White, Red"
110,Jacket,Jogger Pants,Nude,Formal,Party,Women,"Blouses, Flats","White, Red, Grey"
111,Dress,Leather Jacket,Nude,Casual,Party,Women,"Hoodies, Sneakers","Black, Grey, White"
112,Jacket,Maxi Skirt,Green,Casual,Office,Men,"Dresses, Skirts","White, Beige, Red"
113,Skirt,Jogger Pants,Pink,Casual,Office,Unisex,"Trousers, Casual Jackets","Grey, Black, Blue"
114,Skirt,Cocktail Dress,Pink,Casual,Party,Men,"Heels, Jackets","White, Red, Grey"
115,Jacket,Leather Jacket,Nude,Formal,Office,Unisex,"Dresses, Skirts","White, Beige, Red"
116,Trousers,Sneakers,Nude,Sporty,Night Out,Women,"Dresses, Skirts","Black, White, Red"
117,Skirt,Leather Jacket,Red,Formal,Casual,Women,"Pants, Skirts","Black, White, Red"
118,Blouse,Sneakers,Nude,Formal,Party,Men,"Blouses, Flats","White, Black"
119,Trousers,Sneakers,Black,Sporty,Party,Men,"Pants, Skirts","White, Grey"
120,Blouse,Leather Jacket,Black,Sporty,Night Out,Unisex,"Trousers, Boots","Black, White"
121,Blouse,Leather Jacket,White,Sporty,Casual,Unisex,"Blouses, Flats","Black, Grey, White"
122,Blouse,Chinos,Blue,Sporty,Casual,Unisex,"Trousers, Boots","Black, White"
123,Jacket,Cocktail Dress,Black,Casual,Office,Men,"Heels, Jackets","White, Beige, Red"
124,Skirt,Leather Jacket,Red,Formal,Casual,Unisex,"Trousers, Boots","Black, Grey, White"
125,Shoes,Jogger Pants,Red,Formal,Office,Men,"Trousers, Boots","Grey, Black, Blue"
126,Skirt,Slim-fit Jeans,Black,Sporty,Gym,Unisex,"Pants, Skirts","Black, White, Navy"
127,Blouse,High Heels,Blue,Sporty,Party,Women,"Pants, Skirts","White, Grey"
128,Trousers,Sneakers,Black,Formal,Casual,Unisex,"Blouses, Flats","White, Red, Grey"
129,Trousers,High Heels,Grey,Formal,Office,Unisex,"Jogger Pants, Shorts","White, Navy"
130,Trousers,Cocktail Dress,Blue,Sporty,Gym,Unisex,"Hoodies, Sneakers","Black, Grey, White"
131,Shoes,Running Shoes,Red,Sporty,Night Out,Men,"Trousers, Boots","Grey, Black, Blue"
132,Skirt,Maxi Skirt,Grey,Casual,Gym,Women,"Pants, Skirts","Black, Grey, White"
133,Dress,Maxi Skirt,Nude,Casual,Office,Men,"Blouses, Flats","Black, White, Navy"
134,Dress,Jogger Pants,Red,Sporty,Gym,Men,"Trousers, Casual Jackets","White, Navy"
135,Blouse,Running Shoes,Grey,Casual,Party,Unisex,"T-shirts, Sneakers","Black, White, Red"
136,Trousers,Chinos,Pink,Casual,Casual,Women,"Shirts, Loafers","White, Navy"
137,Trousers,Cocktail Dress,Beige,Formal,Office,Men,"Heels, Jackets","White, Red, Grey"
138,Shoes,Jogger Pants,Black,Sporty,Party,Women,"T-shirts, Sneakers","White, Black"
139,Dress,Chinos,Red,Casual,Party,Unisex,"T-shirts, Sneakers","Black, Grey, White"
140,Skirt,Leather Jacket,Beige,Sporty,Office,Men,"Blouses, Flats","White, Navy"
141,Shoes,Maxi Skirt,Blue,Formal,Party,Women,"Heels, Jackets","White, Black"
142,Blouse,Leather Jacket,Black,Formal,Gym,Unisex,"Dresses, Skirts","White, Red, Grey"
143,Trousers,Maxi Skirt,Red,Casual,Casual,Unisex,"Blouses, Flats","Black, White"
144,Skirt,Slim-fit Jeans,Blue,Formal,Gym,Men,"Pants, Skirts","White, Red, Grey"
145,Trousers,Sneakers,Red,Sporty,Party,Unisex,"Trousers, Boots","Black, White"
146,Shoes,Sneakers,White,Formal,Gym,Women,"Hoodies, Sneakers","Grey, Black, Blue"
147,Trousers,Cocktail Dress,Nude,Sporty,Casual,Women,"Trousers, Boots","Black, White, Navy"
148,Trousers,Sneakers,Pink,Formal,Office,Women,"Dresses, Skirts","White, Beige, Red"
149,Dress,High Heels,Beige,Sporty,Office,Unisex,"Dresses, Skirts","White, Black"
150,Blouse,Running Shoes,Red,Casual,Casual,Women,"Jogger Pants, Shorts","White, Navy"
151,Dress,Running Shoes,Blue,Casual,Night Out,Women,"Shirts, Loafers","White, Red, Grey"
152,Dress,Maxi Skirt,Green,Formal,Gym,Women,"Jogger Pants, Shorts","White, Black"
153,Skirt,Cocktail Dress,Blue,Sporty,Party,Unisex,"Shirts, Loafers","White, Black"
154,Jacket,Cocktail Dress,Pink,Casual,Party,Women,"Shirts, Loafers","White, Red, Grey"
155,Blouse,Maxi Skirt,Blue,Casual,Night Out,Unisex,"Jogger Pants, Shorts","White, Navy"
156,Shoes,Maxi Skirt,Pink,Formal,Night Out,Unisex,"Hoodies, Sneakers","White, Black"
157,Dress,Sneakers,Pink,Sporty,Gym,Women,"Shirts, Loafers","Black, White, Red"
158,Jacket,Leather Jacket,Green,Casual,Party,Men,"Trousers, Casual Jackets","White, Beige, Red"
159,Jacket,Maxi Skirt,Blue,Sporty,Night Out,Unisex,"Blouses, Flats","Black, White, Red"
160,Shoes,Running Shoes,Grey,Casual,Casual,Unisex,"Jogger Pants, Shorts","Black, White, Navy"
161,Skirt,High Heels,Nude,Casual,Office,Men,"T-shirts, Sneakers","Black, White"
162,Dress,Jogger Pants,Nude,Casual,Office,Unisex,"T-shirts, Sneakers","White, Beige, Red"
163,Trousers,Silk Blouse,Black,Casual,Night Out,Unisex,"T-shirts, Sneakers","Black, White, Red"
164,Trousers,Running Shoes,Pink,Sporty,Casual,Unisex,"Trousers, Boots","White, Red, Grey"
165,Shoes,Silk Blouse,Blue,Formal,Casual,Unisex,"Trousers, Casual Jackets","White, Beige, Red"
166,Shoes,Cocktail Dress,White,Sporty,Gym,Men,"Blouses, Flats","White, Beige, Red"
167,Jacket,Jogger Pants,White,Formal,Casual,Men,"Hoodies, Sneakers","White, Black"
168,Shoes,Jogger Pants,Beige,Casual,Party,Unisex,"Trousers, Casual Jackets","Black, White"
169,Skirt,Sneakers,White,Casual,Office,Men,"Heels, Jackets","Grey, Black, Blue"
170,Blouse,Slim-fit Jeans,Red,Formal,Office,Women,"Trousers, Boots","White, Navy"
171,Blouse,Running Shoes,Blue,Casual,Gym,Women,"Hoodies, Sneakers","Black, White, Navy"
172,Skirt,Slim-fit Jeans,Pink,Sporty,Casual,Men,"T-shirts, Sneakers","White, Red, Grey"
173,Jacket,Slim-fit Jeans,Beige,Formal,Party,Women,"Dresses, Skirts","White, Black"
174,Blouse,Jogger Pants,Blue,Casual,Office,Women,"Jogger Pants, Shorts","White, Grey"
175,Shoes,Maxi Skirt,Beige,Sporty,Party,Unisex,"Shirts, Loafers","White, Navy"
176,Shoes,Slim-fit Jeans,Blue,Formal,Casual,Women,"Trousers, Boots","Black, White, Navy"
177,Dress,Maxi Skirt,Grey,Formal,Office,Men,"T-shirts, Sneakers","Black, Grey, White"
178,Blouse,Slim-fit Jeans,Pink,Sporty,Casual,Men,"Trousers, Casual Jackets","White, Beige, Red"
179,Skirt,Cocktail Dress,Nude,Casual,Casual,Men,"Trousers, Casual Jackets","Black, White, Navy"
180,Skirt,Jogger Pants,Blue,Casual,Casual,Women,"Hoodies, Sneakers","White, Red, Grey"
181,Jacket,Jogger Pants,Blue,Formal,Casual,Unisex,"Shirts, Loafers","Black, White, Red"
182,Trousers,Chinos,Grey,Casual,Gym,Women,"Jogger Pants, Shorts","White, Beige, Red"
183,Blouse,Chinos,Blue,Formal,Casual,Unisex,"Trousers, Boots","Black, Grey, White"
184,Dress,Leather Jacket,Black,Sporty,Gym,Unisex,"Shirts, Loafers","White, Black"
185,Shoes,Chinos,Nude,Sporty,Gym,Men,"Jogger Pants, Shorts","Grey, Black, Blue"
186,Dress,Chinos,Nude,Formal,Office,Men,"Shirts, Loafers","White, Navy"
187,Blouse,High Heels,White,Casual,Party,Men,"T-shirts, Sneakers","White, Red, Grey"
188,Trousers,Cocktail Dress,Grey,Casual,Office,Men,"Blouses, Flats","Black, White, Navy"
189,Skirt,Jogger Pants,Green,Casual,Casual,Women,"Blouses, Flats","White, Beige, Red"
190,Shoes,Running Shoes,Green,Formal,Gym,Women,"Trousers, Boots","Black, White, Navy"
191,Blouse,Running Shoes,Pink,Sporty,Gym,Men,"Hoodies, Sneakers","White, Beige, Red"
192,Dress,Maxi Skirt,Pink,Formal,Party,Unisex,"Trousers, Casual Jackets","White, Grey"
193,Skirt,Maxi Skirt,Beige,Sporty,Night Out,Men,"Jogger Pants, Shorts","White, Black"
194,Jacket,Chinos,Pink,Formal,Office,Women,"Trousers, Boots","Black, Grey, White"
195,Blouse,Chinos,Grey,Sporty,Party,Unisex,"Dresses, Skirts","White, Navy"
196,Trousers,Cocktail Dress,Red,Formal,Party,Unisex,"Trousers, Casual Jackets","White, Black"
197,Trousers,Jogger Pants,White,Casual,Gym,Women,"Jogger Pants, Shorts","White, Grey"
198,Skirt,Cocktail Dress,Black,Casual,Night Out,Men,"Dresses, Skirts","Black, White, Red"
199,Dress,Maxi Skirt,Nude,Formal,Gym,Women,"Shirts, Loafers","Black, White, Red"
200,Trousers,High Heels,Blue,Sporty,Party,Men,"Jogger Pants, Shorts","White, Navy"
201,Blouse,Slim-fit Jeans,Blue,Casual,Casual,Women,"Trousers, Boots","White, Black"
202,Jacket,Silk Blouse,Blue,Sporty,Gym,Unisex,"T-shirts, Sneakers","Black, White, Red"
203,Skirt,Jogger Pants,Nude,Formal,Night Out,Unisex,"Trousers, Boots","White, Red, Grey"
204,Jacket,Silk Blouse,Grey,Sporty,Party,Unisex,"Trousers, Casual Jackets","White, Red, Grey"
205,Jacket,Sneakers,Black,Formal,Gym,Women,"Jogger Pants, Shorts","Black, White, Navy"
206,Shoes,Chinos,Blue,Sporty,Office,Men,"Hoodies, Sneakers","Grey, Black, Blue"
207,Dress,Jogger Pants,Nude,Sporty,Office,Women,"Trousers, Casual Jackets","Black, White, Navy"
208,Shoes,Slim-fit Jeans,Grey,Casual,Party,Unisex,"Jogger Pants, Shorts","White, Navy"
209,Skirt,Jogger Pants,Beige,Sporty,Casual,Men,"Shirts, Loafers","Grey, Black, Blue"
210,Jacket,Leather Jacket,Grey,Formal,Party,Women,"Pants, Skirts","White, Red, Grey"
211,Skirt,Running Shoes,Grey,Casual,Casual,Women,"Trousers, Boots","Black, White, Red"
212,Trousers,Cocktail Dress,Black,Casual,Gym,Unisex,"Jogger Pants, Shorts","Black, White, Navy"
213,Shoes,Slim-fit Jeans,Pink,Formal,Casual,Men,"Heels, Jackets","Grey, Black, Blue"
214,Blouse,Silk Blouse,Black,Casual,Night Out,Women,"Shirts, Loafers","Black, White, Red"
215,Shoes,Running Shoes,Nude,Sporty,Gym,Unisex,"Dresses, Skirts","White, Navy"
216,Skirt,Leather Jacket,Black,Casual,Office,Unisex,"Trousers, Casual Jackets","White, Grey"
217,Trousers,Chinos,Beige,Formal,Gym,Unisex,"Heels, Jackets","Black, White, Red"
218,Dress,Chinos,Pink,Casual,Party,Women,"Hoodies, Sneakers","Black, White"
219,Skirt,High Heels,White,Formal,Night Out,Unisex,"Blouses, Flats","Black, White"
220,Shoes,Silk Blouse,Green,Formal,Office,Men,"T-shirts, Sneakers","Black, Grey, White"
221,Jacket,Slim-fit Jeans,Red,Formal,Office,Men,"Jogger Pants, Shorts","Grey, Black, Blue"
222,Dress,Chinos,Red,Casual,Night Out,Men,"Trousers, Casual Jackets","White, Grey"
223,Blouse,Cocktail Dress,White,Casual,Casual,Women,"Shirts, Loafers","White, Navy"
224,Jacket,Chinos,Red,Formal,Gym,Women,"Trousers, Casual Jackets","White, Black"
225,Trousers,Leather Jacket,Beige,Sporty,Party,Unisex,"Trousers, Casual Jackets","Black, White, Navy"
226,Shoes,Chinos,Green,Sporty,Party,Women,"Trousers, Boots","White, Beige, Red"
227,Shoes,Silk Blouse,Grey,Sporty,Casual,Women,"Trousers, Casual Jackets","Black, White"
228,Skirt,Jogger Pants,Green,Casual,Party,Unisex,"T-shirts, Sneakers","White, Red, Grey"
229,Dress,Maxi Skirt,Green,Sporty,Office,Women,"Heels, Jackets","Black, White, Red"
230,Blouse,Maxi Skirt,Green,Casual,Party,Men,"Dresses, Skirts","Black, White, Red"
231,Dress,Silk Blouse,Beige,Formal,Night Out,Women,"Heels, Jackets","Black, White"
232,Jacket,Jogger Pants,Black,Casual,Gym,Men,"Hoodies, Sneakers","Grey, Black, Blue"
233,Blouse,Cocktail Dress,White,Casual,Casual,Men,"Jogger Pants, Shorts","Black, White, Red"
234,Trousers,Jogger Pants,Pink,Sporty,Casual,Women,"T-shirts, Sneakers","Grey, Black, Blue"
235,Blouse,High Heels,Black,Casual,Casual,Men,"Dresses, Skirts","White, Red, Grey"
236,Trousers,Cocktail Dress,Black,Sporty,Casual,Women,"Pants, Skirts","Black, White"
237,Dress,Leather Jacket,White,Sporty,Casual,Men,"Trousers, Boots","White, Beige, Red"
238,Dress,Sneakers,White,Casual,Office,Men,"Hoodies, Sneakers","Grey, Black, Blue"
239,Jacket,Leather Jacket,Beige,Casual,Party,Men,"Trousers, Casual Jackets","Black, White, Navy"
240,Trousers,Slim-fit Jeans,Green,Formal,Casual,Men,"Heels, Jackets","Black, White"
241,Skirt,Sneakers,Green,Formal,Night Out,Women,"Blouses, Flats","Grey, Black, Blue"
242,Blouse,Jogger Pants,White,Sporty,Night Out,Men,"Dresses, Skirts","White, Red, Grey"
243,Shoes,Jogger Pants,Black,Casual,Gym,Unisex,"Shirts, Loafers","Black, White, Navy"
244,Skirt,Sneakers,Beige,Casual,Night Out,Men,"Jogger Pants, Shorts","Black, Grey, White"
245,Shoes,Running Shoes,Black,Casual,Gym,Men,"Jogger Pants, Shorts","White, Navy"
246,Shoes,Leather Jacket,Red,Casual,Gym,Women,"Trousers, Boots","Grey, Black, Blue"
247,Blouse,Silk Blouse,Black,Casual,Gym,Unisex,"Hoodies, Sneakers","Black, White, Red"
248,Trousers,Silk Blouse,Red,Sporty,Casual,Men,"Pants, Skirts","White, Grey"
249,Blouse,Leather Jacket,Green,Casual,Office,Men,"T-shirts, Sneakers","White, Black"
250,Skirt,High Heels,White,Casual,Office,Women,"Pants, Skirts","White, Black"
251,Shoes,High Heels,Grey,Casual,Gym,Unisex,"Trousers, Casual Jackets","White, Grey"
252,Trousers,Running Shoes,Red,Formal,Night Out,Men,"Heels, Jackets","Black, Grey, White"
253,Skirt,High Heels,Nude,Sporty,Casual,Unisex,"Pants, Skirts","White, Beige, Red"
254,Skirt,Leather Jacket,Nude,Sporty,Casual,Men,"Blouses, Flats","Black, Grey, White"
255,Blouse,Leather Jacket,Nude,Casual,Night Out,Men,"Dresses, Skirts","Black, Grey, White"
256,Skirt,Running Shoes,Red,Formal,Party,Women,"Hoodies, Sneakers","White, Red, Grey"
257,Blouse,Running Shoes,Beige,Sporty,Gym,Unisex,"Blouses, Flats","White, Navy"
258,Shoes,Sneakers,White,Sporty,Casual,Women,"Trousers, Casual Jackets","White, Red, Grey"
259,Jacket,Jogger Pants,Blue,Casual,Night Out,Unisex,"Dresses, Skirts","White, Grey"
260,Shoes,High Heels,Green,Casual,Party,Men,"T-shirts, Sneakers","White, Navy"
261,Trousers,Silk Blouse,Beige,Sporty,Party,Men,"Jogger Pants, Shorts","White, Black"
262,Shoes,Silk Blouse,Red,Sporty,Casual,Women,"Hoodies, Sneakers","White, Beige, Red"
263,Shoes,Cocktail Dress,Nude,Casual,Party,Men,"Pants, Skirts","Black, White, Red"
264,Dress,High Heels,White,Casual,Casual,Women,"Jogger Pants, Shorts","White, Grey"
265,Skirt,Maxi Skirt,White,Casual,Gym,Men,"Dresses, Skirts","Black, White"
266,Jacket,Maxi Skirt,Black,Casual,Gym,Men,"Trousers, Casual Jackets","White, Red, Grey"
267,Blouse,Running Shoes,Grey,Casual,Party,Men,"Heels, Jackets","Black, Grey, White"
268,Shoes,Slim-fit Jeans,Red,Casual,Gym,Unisex,"Jogger Pants, Shorts","White, Red, Grey"
269,Shoes,Running Shoes,Pink,Sporty,Party,Men,"Trousers, Boots","Black, White, Navy"
270,Shoes,Silk Blouse,Grey,Sporty,Gym,Unisex,"Shirts, Loafers","White, Navy"
271,Trousers,High Heels,White,Casual,Party,Men,"Dresses, Skirts","Grey, Black, Blue"
272,Shoes,Jogger Pants,Red,Formal,Gym,Women,"Blouses, Flats","White, Black"
273,Jacket,Running Shoes,Nude,Sporty,Office,Unisex,"Blouses, Flats","White, Beige, Red"
274,Blouse,Running Shoes,Pink,Sporty,Night Out,Unisex,"Heels, Jackets","Black, Grey, White"
275,Dress,Chinos,White,Casual,Gym,Men,"Hoodies, Sneakers","White, Red, Grey"
276,Jacket,High Heels,Nude,Sporty,Party,Men,"Dresses, Skirts","White, Black"
277,Skirt,Leather Jacket,White,Casual,Party,Women,"Jogger Pants, Shorts","White, Red, Grey"
278,Trousers,Chinos,Nude,Casual,Office,Women,"Trousers, Boots","White, Grey"
279,Skirt,Maxi Skirt,Blue,Sporty,Party,Men,"Pants, Skirts","Black, White, Navy"
280,Jacket,Jogger Pants,Beige,Formal,Night Out,Women,"Jogger Pants, Shorts","White, Navy"
281,Trousers,Slim-fit Jeans,Blue,Casual,Gym,Women,"Trousers, Boots","Grey, Black, Blue"
282,Blouse,Jogger Pants,Nude,Casual,Gym,Men,"Hoodies, Sneakers","Black, White, Red"
283,Skirt,High Heels,Grey,Casual,Casual,Unisex,"Jogger Pants, Shorts","Grey, Black, Blue"
284,Shoes,Cocktail Dress,Pink,Sporty,Gym,Women,"Hoodies, Sneakers","White, Grey"
285,Shoes,Sneakers,Green,Sporty,Office,Unisex,"Heels, Jackets","Grey, Black, Blue"
286,Blouse,Cocktail Dress,Green,Sporty,Night Out,Women,"Dresses, Skirts","Black, White, Red"
287,Jacket,Silk Blouse,Pink,Formal,Casual,Unisex,"Heels, Jackets","White, Black"
288,Dress,High Heels,Red,Casual,Casual,Unisex,"Trousers, Casual Jackets","Grey, Black, Blue"
289,Trousers,Maxi Skirt,Nude,Sporty,Casual,Unisex,"T-shirts, Sneakers","Black, White, Navy"
290,Trousers,Jogger Pants,Nude,Formal,Gym,Unisex,"Heels, Jackets","Black, White, Navy"
291,Skirt,Slim-fit Jeans,White,Sporty,Gym,Men,"Blouses, Flats","White, Black"
292,Blouse,Silk Blouse,Beige,Formal,Night Out,Women,"Dresses, Skirts","White, Navy"
293,Blouse,Running Shoes,Blue,Formal,Night Out,Unisex,"T-shirts, Sneakers","Black, White"
294,Shoes,Cocktail Dress,Pink,Sporty,Casual,Women,"Dresses, Skirts","Grey, Black, Blue"
295,Jacket,Cocktail Dress,Blue,Formal,Office,Women,"Blouses, Flats","White, Grey"
296,Skirt,Sneakers,Black,Sporty,Night Out,Men,"Dresses, Skirts","White, Beige, Red"
297,Skirt,Jogger Pants,Nude,Casual,Night Out,Unisex,"Dresses, Skirts","Black, White, Red"
298,Shoes,Sneakers,Blue,Sporty,Night Out,Unisex,"Trousers, Casual Jackets","White, Black"
299,Blouse,Slim-fit Jeans,Nude,Formal,Party,Men,"Heels, Jackets","Black, White, Navy"
300,Dress,Cocktail Dress,Red,Sporty,Night Out,Unisex,"Dresses, Skirts","White, Red, Grey"
301,Blouse,Sneakers,Grey,Formal,Gym,Unisex,"Dresses, Skirts","Black, White"
302,Dress,Running Shoes,Beige,Sporty,Party,Women,"Trousers, Boots","White, Grey"
303,Trousers,Silk Blouse,Pink,Formal,Night Out,Women,"Heels, Jackets","Black, White, Red"
304,Skirt,Leather Jacket,Blue,Sporty,Party,Women,"Dresses, Skirts","White, Beige, Red"
305,Shoes,High Heels,Nude,Casual,Office,Unisex,"Pants, Skirts","Black, Grey, White"
306,Shoes,Running Shoes,Blue,Formal,Casual,Women,"Hoodies, Sneakers","White, Black"
307,Skirt,Running Shoes,Nude,Formal,Night Out,Unisex,"Heels, Jackets","White, Grey"
308,Blouse,Leather Jacket,Green,Sporty,Party,Women,"Heels, Jackets","Black, White"
309,Trousers,Leather Jacket,Green,Sporty,Office,Women,"Trousers, Boots","Grey, Black, Blue"
310,Skirt,Silk Blouse,Pink,Casual,Party,Men,"Heels, Jackets","White, Beige, Red"
311,Blouse,Maxi Skirt,Pink,Casual,Gym,Unisex,"Heels, Jackets","White, Beige, Red"
312,Jacket,Leather Jacket,White,Formal,Party,Women,"Trousers, Casual Jackets","Black, White"
313,Jacket,Sneakers,Pink,Casual,Party,Unisex,"Blouses, Flats","Grey, Black, Blue"
314,Jacket,Chinos,White,Casual,Gym,Women,"Trousers, Casual Jackets","White, Navy"
315,Jacket,Maxi Skirt,Beige,Formal,Gym,Men,"T-shirts, Sneakers","White, Red, Grey"
316,Trousers,Sneakers,Blue,Casual,Night Out,Women,"Hoodies, Sneakers","White, Red, Grey"
317,Dress,Slim-fit Jeans,Blue,Formal,Casual,Women,"Pants, Skirts","White, Navy"
318,Jacket,Cocktail Dress,Green,Sporty,Party,Women,"Hoodies, Sneakers","White, Black"
319,Shoes,High Heels,White,Casual,Gym,Women,"Heels, Jackets","White, Black"
320,Dress,Silk Blouse,Beige,Sporty,Night Out,Men,"Dresses, Skirts","White, Beige, Red"
321,Blouse,Running Shoes,Beige,Sporty,Casual,Women,"Trousers, Casual Jackets","Black, White, Navy"
322,Skirt,High Heels,Black,Casual,Party,Men,"Trousers, Casual Jackets","White, Beige, Red"
323,Trousers,Maxi Skirt,Green,Formal,Office,Unisex,"Dresses, Skirts","White, Grey"
324,Dress,Cocktail Dress,Beige,Sporty,Office,Men,"Blouses, Flats","White, Beige, Red"
325,Shoes,Slim-fit Jeans,Red,Sporty,Gym,Unisex,"Pants, Skirts","White, Navy"
326,Blouse,Jogger Pants,Pink,Formal,Casual,Unisex,"Dresses, Skirts","White, Black"
327,Blouse,Running Shoes,Nude,Formal,Night Out,Men,"T-shirts, Sneakers","White, Beige, Red"
328,Dress,Jogger Pants,Green,Sporty,Party,Unisex,"Jogger Pants, Shorts","White, Navy"
329,Jacket,Chinos,Red,Sporty,Gym,Women,"Hoodies, Sneakers","White, Black"
330,Blouse,Running Shoes,Red,Casual,Gym,Men,"Dresses, Skirts","Black, White"
331,Dress,Maxi Skirt,Black,Sporty,Casual,Women,"Pants, Skirts","Grey, Black, Blue"
332,Dress,Sneakers,White,Formal,Office,Men,"T-shirts, Sneakers","White, Black"
333,Blouse,Chinos,Beige,Casual,Party,Unisex,"Jogger Pants, Shorts","White, Beige, Red"
334,Blouse,Sneakers,Black,Casual,Casual,Men,"Blouses, Flats","Grey, Black, Blue"
335,Skirt,Chinos,Red,Casual,Casual,Women,"Heels, Jackets","White, Beige, Red"
336,Trousers,Leather Jacket,Nude,Sporty,Gym,Unisex,"Dresses, Skirts","Black, White"
337,Blouse,Running Shoes,Grey,Casual,Casual,Unisex,"Trousers, Boots","Black, Grey, White"
338,Trousers,Leather Jacket,Black,Sporty,Night Out,Men,"Trousers, Casual Jackets","White, Navy"
339,Dress,Maxi Skirt,Nude,Sporty,Party,Men,"Blouses, Flats","Black, White"
340,Blouse,High Heels,Black,Formal,Party,Men,"Pants, Skirts","Black, White"
341,Skirt,Running Shoes,Nude,Formal,Party,Unisex,"Jogger Pants, Shorts","White, Black"
342,Jacket,Jogger Pants,Nude,Casual,Office,Unisex,"Trousers, Casual Jackets","Black, White"
343,Trousers,Leather Jacket,Blue,Formal,Gym,Unisex,"Dresses, Skirts","White, Black"
344,Skirt,Silk Blouse,Black,Formal,Night Out,Unisex,"Pants, Skirts","Black, White, Navy"
345,Blouse,Slim-fit Jeans,Red,Casual,Office,Women,"Trousers, Casual Jackets","Black, White"
346,Trousers,High Heels,Pink,Sporty,Casual,Men,"Blouses, Flats","Black, White, Red"
347,Trousers,Silk Blouse,Black,Casual,Office,Men,"Hoodies, Sneakers","White, Black"
348,Jacket,Cocktail Dress,White,Casual,Office,Unisex,"Heels, Jackets","White, Beige, Red"
349,Shoes,Chinos,White,Casual,Casual,Men,"Blouses, Flats","White, Black"
350,Blouse,High Heels,Nude,Formal,Night Out,Unisex,"Trousers, Boots","Black, White, Navy"
351,Blouse,Sneakers,Beige,Formal,Night Out,Women,"Shirts, Loafers","White, Red, Grey"
352,Blouse,Cocktail Dress,Nude,Sporty,Casual,Unisex,"Shirts, Loafers","Black, White, Navy"
353,Trousers,High Heels,Blue,Sporty,Party,Men,"Heels, Jackets","Black, Grey, White"
354,Shoes,Running Shoes,Grey,Formal,Party,Women,"Hoodies, Sneakers","Grey, Black, Blue"
355,Dress,Running Shoes,Nude,Formal,Gym,Women,"Trousers, Casual Jackets","Black, White, Navy"
356,Blouse,Leather Jacket,Black,Formal,Night Out,Men,"Trousers, Boots","Black, White"
357,Shoes,High Heels,Grey,Formal,Gym,Men,"Shirts, Loafers","Black, White, Red"
358,Dress,Sneakers,Green,Sporty,Night Out,Unisex,"Shirts, Loafers","White, Navy"
359,Skirt,Cocktail Dress,Pink,Sporty,Gym,Unisex,"Shirts, Loafers","Black, White"
360,Jacket,Cocktail Dress,Red,Formal,Casual,Women,"Trousers, Boots","Black, White, Navy"
361,Trousers,Cocktail Dress,Pink,Sporty,Night Out,Men,"Heels, Jackets","White, Red, Grey"
362,Skirt,Leather Jacket,Green,Sporty,Party,Men,"Trousers, Boots","White, Navy"
363,Dress,Silk Blouse,Nude,Casual,Office,Women,"Trousers, Casual Jackets","Grey, Black, Blue"
364,Jacket,Maxi Skirt,White,Casual,Casual,Unisex,"Heels, Jackets","Black, White, Navy"
365,Skirt,Cocktail Dress,Green,Casual,Party,Men,"Blouses, Flats","Black, White, Navy"
366,Trousers,Cocktail Dress,White,Sporty,Party,Unisex,"T-shirts, Sneakers","Black, White, Red"
367,Shoes,Jogger Pants,Nude,Formal,Office,Women,"Trousers, Casual Jackets","Black, White, Navy"
368,Dress,Chinos,White,Formal,Casual,Women,"Heels, Jackets","White, Grey"
369,Trousers,Chinos,White,Formal,Night Out,Men,"Heels, Jackets","White, Beige, Red"
370,Skirt,Maxi Skirt,Beige,Sporty,Gym,Unisex,"Dresses, Skirts","White, Grey"
371,Blouse,Sneakers,Green,Sporty,Gym,Women,"Jogger Pants, Shorts","White, Black"
372,Jacket,Sneakers,White,Sporty,Gym,Men,"Dresses, Skirts","White, Red, Grey"
373,Blouse,Silk Blouse,Red,Sporty,Casual,Women,"Blouses, Flats","White, Navy"
374,Jacket,Leather Jacket,Blue,Casual,Gym,Men,"Trousers, Boots","Black, White, Red"
375,Shoes,Running Shoes,Red,Casual,Party,Women,"Pants, Skirts","White, Black"
376,Dress,Jogger Pants,Beige,Formal,Casual,Women,"T-shirts, Sneakers","White, Red, Grey"
377,Shoes,Running Shoes,Black,Casual,Night Out,Men,"Pants, Skirts","Black, White"
378,Jacket,Chinos,Grey,Formal,Gym,Women,"Blouses, Flats","Grey, Black, Blue"
379,Shoes,Running Shoes,Green,Casual,Office,Men,"Jogger Pants, Shorts","White, Beige, Red"
380,Trousers,Jogger Pants,Beige,Sporty,Party,Unisex,"Dresses, Skirts","White, Red, Grey"
381,Skirt,Slim-fit Jeans,Nude,Casual,Party,Women,"Trousers, Boots","White, Black"
382,Skirt,Maxi Skirt,Red,Sporty,Casual,Unisex,"Pants, Skirts","White, Red, Grey"
383,Jacket,Maxi Skirt,Beige,Casual,Night Out,Men,"Hoodies, Sneakers","Black, White"
384,Skirt,Cocktail Dress,Nude,Formal,Casual,Women,"Heels, Jackets","White, Grey"
385,Shoes,Cocktail Dress,Pink,Casual,Office,Unisex,"Pants, Skirts","Grey, Black, Blue"
386,Shoes,Slim-fit Jeans,Blue,Formal,Casual,Unisex,"Trousers, Boots","Grey, Black, Blue"
387,Skirt,Chinos,Red,Casual,Party,Men,"Jogger Pants, Shorts","White, Beige, Red"
388,Jacket,High Heels,Nude,Sporty,Gym,Men,"Trousers, Boots","White, Beige, Red"
389,Shoes,Sneakers,Pink,Casual,Casual,Women,"Trousers, Casual Jackets","Black, Grey, White"
390,Shoes,Leather Jacket,Red,Sporty,Casual,Unisex,"Blouses, Flats","Black, White, Red"
391,Skirt,Slim-fit Jeans,Red,Casual,Party,Men,"Jogger Pants, Shorts","Black, Grey, White"
392,Blouse,Silk Blouse,Green,Formal,Party,Men,"Trousers, Boots","Black, White, Red"
393,Shoes,Jogger Pants,Blue,Sporty,Casual,Women,"Heels, Jackets","White, Black"
394,Jacket,Leather Jacket,Green,Sporty,Party,Unisex,"Blouses, Flats","White, Black"
395,Dress,Silk Blouse,Nude,Sporty,Party,Unisex,"Pants, Skirts","White, Navy"
396,Blouse,Silk Blouse,Black,Sporty,Gym,Women,"Heels, Jackets","White, Red, Grey"
397,Jacket,Silk Blouse,Beige,Formal,Party,Men,"Heels, Jackets","White, Grey"
398,Blouse,Silk Blouse,Blue,Formal,Gym,Unisex,"Heels, Jackets","White, Black"
399,Trousers,Cocktail Dress,Red,Formal,Night Out,Women,"Shirts, Loafers","White, Beige, Red"
400,Dress,Running Shoes,Pink,Casual,Gym,Unisex,"Shirts, Loafers","Black, White"
401,Jacket,Running Shoes,Pink,Formal,Casual,Men,"Shirts, Loafers","White, Grey"
402,Trousers,Cocktail Dress,Black,Sporty,Gym,Women,"Trousers, Boots","White, Red, Grey"
403,Blouse,Maxi Skirt,Pink,Sporty,Office,Unisex,"Hoodies, Sneakers","White, Red, Grey"
404,Dress,Running Shoes,Blue,Sporty,Casual,Women,"Pants, Skirts","Black, White, Red"
405,Dress,High Heels,Beige,Sporty,Party,Women,"Shirts, Loafers","White, Red, Grey"
406,Blouse,Sneakers,White,Sporty,Office,Unisex,"Dresses, Skirts","White, Navy"
407,Trousers,Chinos,Nude,Formal,Night Out,Unisex,"Heels, Jackets","White, Black"
408,Dress,Leather Jacket,Black,Sporty,Casual,Unisex,"T-shirts, Sneakers","White, Black"
409,Blouse,Sneakers,Red,Sporty,Night Out,Men,"Hoodies, Sneakers","Black, White"
410,Shoes,Maxi Skirt,White,Formal,Office,Unisex,"Shirts, Loafers","White, Beige, Red"
411,Jacket,Chinos,Red,Casual,Party,Men,"Pants, Skirts","White, Red, Grey"
412,Skirt,Chinos,Grey,Casual,Casual,Women,"Heels, Jackets","Black, White, Navy"
413,Shoes,Jogger Pants,Pink,Formal,Night Out,Unisex,"Trousers, Casual Jackets","Black, White"
414,Jacket,Slim-fit Jeans,Grey,Casual,Night Out,Men,"Trousers, Casual Jackets","White, Beige, Red"
415,Blouse,Leather Jacket,Grey,Casual,Office,Women,"Trousers, Boots","White, Navy"
416,Trousers,Leather Jacket,Black,Formal,Party,Men,"Trousers, Boots","White, Grey"
417,Blouse,Jogger Pants,Red,Formal,Party,Unisex,"Trousers, Casual Jackets","Black, White, Navy"
418,Trousers,Maxi Skirt,Beige,Sporty,Night Out,Men,"Heels, Jackets","Grey, Black, Blue"
419,Trousers,Jogger Pants,Green,Casual,Office,Women,"Blouses, Flats","White, Red, Grey"
420,Jacket,Leather Jacket,White,Formal,Office,Unisex,"T-shirts, Sneakers","Black, White, Red"
421,Dress,Slim-fit Jeans,White,Formal,Night Out,Men,"Trousers, Boots","Black, White, Navy"
422,Shoes,Silk Blouse,Red,Sporty,Night Out,Men,"Shirts, Loafers","Grey, Black, Blue"
423,Jacket,Sneakers,Blue,Formal,Night Out,Men,"Dresses, Skirts","Black, Grey, White"
424,Jacket,Running Shoes,Green,Sporty,Office,Unisex,"Dresses, Skirts","White, Navy"
425,Blouse,Slim-fit Jeans,Pink,Casual,Party,Women,"Dresses, Skirts","Black, White"
426,Trousers,Chinos,Green,Casual,Night Out,Women,"Trousers, Boots","White, Black"
427,Dress,Leather Jacket,Blue,Sporty,Party,Men,"Blouses, Flats","White, Black"
428,Shoes,Running Shoes,Blue,Casual,Office,Unisex,"Shirts, Loafers","White, Navy"
429,Shoes,Silk Blouse,Nude,Formal,Night Out,Unisex,"Trousers, Casual Jackets","Black, White, Red"
430,Jacket,Jogger Pants,Pink,Sporty,Night Out,Men,"Trousers, Boots","Black, Grey, White"
431,Shoes,High Heels,Nude,Sporty,Party,Women,"Trousers, Casual Jackets","Black, White"
432,Jacket,Maxi Skirt,Black,Formal,Casual,Unisex,"Blouses, Flats","White, Beige, Red"
433,Dress,Cocktail Dress,Black,Sporty,Office,Unisex,"Trousers, Boots","Black, White, Navy"
434,Jacket,Maxi Skirt,Pink,Sporty,Gym,Women,"Pants, Skirts","White, Red, Grey"
435,Jacket,Cocktail Dress,Grey,Casual,Party,Unisex,"Trousers, Casual Jackets","Grey, Black, Blue"
436,Trousers,Maxi Skirt,Black,Formal,Casual,Men,"Hoodies, Sneakers","Black, White"
437,Skirt,Sneakers,White,Sporty,Night Out,Women,"T-shirts, Sneakers","Black, White"
438,Trousers,Sneakers,Red,Formal,Casual,Unisex,"Trousers, Casual Jackets","Black, White, Red"
439,Skirt,Leather Jacket,Grey,Formal,Office,Women,"T-shirts, Sneakers","Black, White"
440,Jacket,Leather Jacket,Green,Formal,Gym,Women,"Hoodies, Sneakers","Black, Grey, White"
441,Jacket,Maxi Skirt,Blue,Sporty,Casual,Women,"Blouses, Flats","Black, White"
442,Shoes,Sneakers,Green,Formal,Casual,Men,"Hoodies, Sneakers","Black, Grey, White"
443,Skirt,High Heels,Beige,Sporty,Casual,Men,"Heels, Jackets","Black, White, Navy"
444,Shoes,Silk Blouse,Grey,Sporty,Gym,Unisex,"T-shirts, Sneakers","White, Black"
445,Shoes,Cocktail Dress,Green,Formal,Night Out,Women,"Heels, Jackets","White, Red, Grey"
446,Trousers,Slim-fit Jeans,Green,Sporty,Office,Men,"Heels, Jackets","Black, White, Navy"
447,Skirt,Sneakers,Green,Casual,Gym,Unisex,"Hoodies, Sneakers","Black, White, Red"
448,Jacket,Maxi Skirt,Nude,Casual,Office,Unisex,"Shirts, Loafers","White, Red, Grey"
449,Dress,Sneakers,Nude,Formal,Casual,Women,"Blouses, Flats","Black, White"
450,Jacket,Chinos,Black,Casual,Office,Women,"Dresses, Skirts","White, Red, Grey"
451,Skirt,Chinos,Black,Formal,Party,Men,"Pants, Skirts","White, Grey"
452,Jacket,Chinos,Beige,Casual,Office,Women,"Shirts, Loafers","Black, White"
453,Blouse,Sneakers,Black,Sporty,Casual,Men,"Jogger Pants, Shorts","White, Grey"
454,Trousers,Maxi Skirt,Green,Formal,Party,Women,"Trousers, Boots","White, Grey"
455,Dress,Silk Blouse,Black,Sporty,Gym,Unisex,"Dresses, Skirts","Black, White, Red"
456,Blouse,Jogger Pants,White,Casual,Night Out,Men,"Heels, Jackets","Grey, Black, Blue"
457,Dress,Chinos,Black,Sporty,Gym,Women,"Shirts, Loafers","White, Red, Grey"
458,Skirt,High Heels,Blue,Casual,Night Out,Women,"Pants, Skirts","Black, Grey, White"
459,Blouse,Leather Jacket,Black,Casual,Casual,Women,"Heels, Jackets","White, Grey"
460,Shoes,Slim-fit Jeans,Pink,Casual,Gym,Unisex,"Heels, Jackets","White, Navy"
461,Blouse,Maxi Skirt,Nude,Sporty,Night Out,Men,"Trousers, Boots","White, Navy"
462,Jacket,Running Shoes,Green,Formal,Casual,Unisex,"Blouses, Flats","White, Grey"
463,Dress,Silk Blouse,Black,Sporty,Casual,Unisex,"Trousers, Boots","Black, Grey, White"
464,Dress,Jogger Pants,Blue,Casual,Office,Men,"Pants, Skirts","Grey, Black, Blue"
465,Trousers,Silk Blouse,Black,Formal,Night Out,Women,"Blouses, Flats","Black, White, Navy"
466,Shoes,Sneakers,Blue,Formal,Gym,Women,"Trousers, Boots","White, Grey"
467,Blouse,Maxi Skirt,Green,Formal,Party,Unisex,"Jogger Pants, Shorts","Grey, Black, Blue"
468,Shoes,Chinos,Pink,Casual,Office,Men,"Trousers, Casual Jackets","Black, White, Navy"
469,Jacket,High Heels,Black,Sporty,Gym,Women,"Heels, Jackets","White, Red, Grey"
470,Shoes,Maxi Skirt,Green,Formal,Night Out,Unisex,"Heels, Jackets","White, Beige, Red"
471,Shoes,Slim-fit Jeans,Green,Formal,Party,Unisex,"Hoodies, Sneakers","Black, White, Navy"
472,Dress,High Heels,Pink,Sporty,Party,Unisex,"T-shirts, Sneakers","Black, Grey, White"
473,Shoes,Cocktail Dress,Green,Formal,Night Out,Women,"Dresses, Skirts","Black, White, Red"
474,Skirt,Chinos,Grey,Formal,Casual,Men,"Pants, Skirts","Black, White, Navy"
475,Shoes,Jogger Pants,Grey,Sporty,Office,Unisex,"Dresses, Skirts","Grey, Black, Blue"
476,Blouse,Silk Blouse,Blue,Sporty,Office,Women,"Hoodies, Sneakers","White, Red, Grey"
477,Trousers,Silk Blouse,Beige,Sporty,Gym,Unisex,"Blouses, Flats","Black, White, Red"
478,Shoes,Running Shoes,Blue,Formal,Gym,Men,"Pants, Skirts","White, Black"
479,Trousers,Silk Blouse,Nude,Casual,Office,Women,"Dresses, Skirts","White, Red, Grey"
480,Trousers,Running Shoes,Nude,Casual,Party,Men,"T-shirts, Sneakers","Black, White"
481,Dress,High Heels,Blue,Formal,Gym,Men,"Hoodies, Sneakers","White, Red, Grey"
482,Jacket,Jogger Pants,Nude,Formal,Office,Men,"Heels, Jackets","White, Navy"
483,Dress,High Heels,Black,Formal,Casual,Men,"Hoodies, Sneakers","Black, Grey, White"
484,Jacket,Chinos,Black,Formal,Gym,Women,"Jogger Pants, Shorts","Grey, Black, Blue"
485,Blouse,Chinos,Red,Formal,Casual,Women,"Blouses, Flats","White, Black"
486,Skirt,High Heels,Black,Casual,Night Out,Unisex,"Hoodies, Sneakers","White, Red, Grey"
487,Blouse,Leather Jacket,Blue,Casual,Party,Unisex,"Trousers, Boots","White, Navy"
488,Dress,Leather Jacket,White,Formal,Casual,Men,"Jogger Pants, Shorts","White, Red, Grey"
489,Trousers,Silk Blouse,Blue,Formal,Gym,Unisex,"Shirts, Loafers","Black, Grey, White"
490,Trousers,Sneakers,Nude,Casual,Gym,Unisex,"Blouses, Flats","White, Grey"
491,Blouse,Chinos,White,Sporty,Office,Women,"Shirts, Loafers","Black, White, Red"
492,Dress,Silk Blouse,Nude,Formal,Party,Unisex,"Trousers, Boots","White, Navy"
493,Dress,Cocktail Dress,Pink,Sporty,Party,Women,"Trousers, Casual Jackets","Black, White, Navy"
494,Skirt,Chinos,Red,Casual,Gym,Men,"Blouses, Flats","Black, White"
495,Shoes,High Heels,Red,Formal,Gym,Unisex,"Trousers, Boots","White, Red, Grey"
496,Blouse,Sneakers,Pink,Formal,Party,Women,"Trousers, Boots","White, Black"
497,Blouse,Slim-fit Jeans,Pink,Sporty,Office,Unisex,"Pants, Skirts","Grey, Black, Blue"
498,Skirt,Sneakers,Beige,Sporty,Gym,Women,"Pants, Skirts","White, Black"
499,Dress,High Heels,Red,Formal,Night Out,Women,"T-shirts, Sneakers","Grey, Black, Blue"
500,Dress,Sneakers,Red,Casual,Party,Women,"T-shirts, Sneakers","Black, White, Red"
501,Jacket,Cocktail Dress,White,Sporty,Party,Men,"Trousers, Casual Jackets","White, Grey"
502,Trousers,Sneakers,Green,Casual,Office,Men,"Hoodies, Sneakers","White, Beige, Red"
503,Skirt,Running Shoes,Green,Casual,Office,Unisex,"Heels, Jackets","White, Red, Grey"
504,Dress,Running Shoes,Blue,Sporty,Party,Women,"Blouses, Flats","White, Black"
505,Blouse,Sneakers,White,Formal,Casual,Men,"Jogger Pants, Shorts","Black, White"
506,Trousers,High Heels,Nude,Formal,Party,Men,"Shirts, Loafers","White, Beige, Red"
507,Shoes,Leather Jacket,Black,Sporty,Night Out,Men,"Trousers, Boots","White, Grey"
508,Dress,High Heels,Beige,Sporty,Party,Women,"Jogger Pants, Shorts","White, Beige, Red"
509,Shoes,Jogger Pants,Nude,Formal,Party,Men,"Heels, Jackets","Grey, Black, Blue"
510,Jacket,Chinos,Black,Formal,Office,Men,"Trousers, Boots","Black, White"
511,Blouse,Leather Jacket,Pink,Sporty,Night Out,Men,"Blouses, Flats","White, Grey"
512,Shoes,Leather Jacket,Blue,Sporty,Gym,Unisex,"Heels, Jackets","White, Navy"
513,Jacket,Silk Blouse,White,Casual,Casual,Men,"Dresses, Skirts","White, Black"
514,Skirt,Running Shoes,Black,Formal,Office,Women,"Dresses, Skirts","Black, Grey, White"
515,Jacket,Maxi Skirt,Nude,Casual,Gym,Unisex,"T-shirts, Sneakers","Grey, Black, Blue"
516,Skirt,Jogger Pants,Black,Sporty,Night Out,Unisex,"Trousers, Casual Jackets","White, Red, Grey"
517,Dress,Silk Blouse,Nude,Formal,Office,Men,"Dresses, Skirts","Black, Grey, White"
518,Jacket,Slim-fit Jeans,Red,Casual,Gym,Men,"Heels, Jackets","White, Navy"
519,Skirt,Cocktail Dress,Red,Casual,Night Out,Women,"Blouses, Flats","White, Navy"
520,Trousers,Jogger Pants,Grey,Casual,Gym,Men,"Trousers, Boots","White, Navy"
521,Dress,High Heels,Blue,Formal,Night Out,Unisex,"Pants, Skirts","White, Red, Grey"
522,Trousers,Maxi Skirt,Grey,Casual,Casual,Unisex,"Shirts, Loafers","White, Beige, Red"
523,Trousers,Silk Blouse,Blue,Casual,Office,Men,"Hoodies, Sneakers","White, Navy"
524,Trousers,Jogger Pants,Green,Sporty,Gym,Unisex,"Pants, Skirts","White, Black"
525,Jacket,Sneakers,Green,Formal,Night Out,Men,"Hoodies, Sneakers","Black, Grey, White"
526,Dress,High Heels,Blue,Casual,Party,Women,"Jogger Pants, Shorts","White, Grey"
527,Dress,Running Shoes,Red,Sporty,Gym,Men,"Heels, Jackets","White, Grey"
528,Blouse,Sneakers,White,Formal,Party,Unisex,"Blouses, Flats","Black, White, Red"
529,Jacket,Sneakers,Blue,Casual,Office,Women,"T-shirts, Sneakers","White, Navy"
530,Jacket,Cocktail Dress,White,Formal,Night Out,Unisex,"Shirts, Loafers","White, Beige, Red"
531,Jacket,Cocktail Dress,Nude,Casual,Gym,Unisex,"Shirts, Loafers","Grey, Black, Blue"
532,Shoes,Sneakers,White,Sporty,Casual,Unisex,"Blouses, Flats","White, Grey"
533,Skirt,High Heels,White,Formal,Gym,Women,"Heels, Jackets","White, Black"
534,Skirt,Running Shoes,White,Casual,Gym,Men,"Trousers, Casual Jackets","White, Beige, Red"
535,Dress,Leather Jacket,Blue,Sporty,Party,Men,"Trousers, Boots","Black, Grey, White"
536,Shoes,Leather Jacket,Grey,Formal,Night Out,Women,"Shirts, Loafers","Black, White"
537,Skirt,Slim-fit Jeans,Green,Sporty,Casual,Women,"Shirts, Loafers","Black, White, Navy"
538,Skirt,Jogger Pants,Beige,Sporty,Gym,Women,"Heels, Jackets","White, Black"
539,Dress,High Heels,Green,Sporty,Gym,Women,"Blouses, Flats","Black, White"
540,Dress,Silk Blouse,Beige,Formal,Gym,Men,"T-shirts, Sneakers","White, Black"
541,Skirt,Sneakers,Black,Casual,Night Out,Men,"Trousers, Boots","White, Beige, Red"
542,Jacket,Slim-fit Jeans,Blue,Casual,Night Out,Unisex,"Trousers, Boots","White, Beige, Red"
543,Trousers,High Heels,Pink,Formal,Party,Unisex,"Blouses, Flats","Black, White"
544,Blouse,Cocktail Dress,Grey,Formal,Casual,Unisex,"Jogger Pants, Shorts","Grey, Black, Blue"
545,Skirt,Cocktail Dress,Nude,Casual,Night Out,Women,"Hoodies, Sneakers","Black, Grey, White"
546,Dress,Slim-fit Jeans,Pink,Sporty,Office,Men,"Trousers, Casual Jackets","White, Navy"
547,Shoes,Silk Blouse,Black,Casual,Casual,Men,"Shirts, Loafers","Black, White, Red"
548,Jacket,Maxi Skirt,Grey,Formal,Party,Women,"Pants, Skirts","Black, White, Red"
549,Blouse,Leather Jacket,Blue,Formal,Office,Unisex,"Trousers, Casual Jackets","Black, White"
550,Jacket,Chinos,White,Casual,Casual,Women,"Dresses, Skirts","White, Navy"
551,Skirt,Leather Jacket,Black,Sporty,Night Out,Men,"Heels, Jackets","White, Navy"
552,Skirt,Slim-fit Jeans,Red,Formal,Party,Men,"Heels, Jackets","White, Beige, Red"
553,Skirt,Running Shoes,Blue,Formal,Night Out,Unisex,"Shirts, Loafers","White, Navy"
554,Shoes,Silk Blouse,Beige,Sporty,Party,Unisex,"Hoodies, Sneakers","Black, White"
555,Shoes,Silk Blouse,Green,Formal,Office,Men,"T-shirts, Sneakers","White, Grey"
556,Skirt,Slim-fit Jeans,Blue,Casual,Office,Men,"Trousers, Boots","Grey, Black, Blue"
557,Dress,Leather Jacket,Nude,Sporty,Party,Unisex,"Jogger Pants, Shorts","White, Navy"
558,Shoes,Jogger Pants,Red,Formal,Party,Women,"Blouses, Flats","Grey, Black, Blue"
559,Blouse,Cocktail Dress,Pink,Formal,Gym,Women,"Trousers, Casual Jackets","White, Grey"
560,Shoes,Running Shoes,Nude,Formal,Night Out,Women,"Hoodies, Sneakers","Grey, Black, Blue"
561,Trousers,Silk Blouse,Pink,Formal,Party,Unisex,"Heels, Jackets","Black, White"
562,Trousers,Chinos,Blue,Casual,Party,Women,"T-shirts, Sneakers","Grey, Black, Blue"
563,Dress,Cocktail Dress,Beige,Formal,Night Out,Men,"Trousers, Casual Jackets","White, Beige, Red"
564,Jacket,Silk Blouse,Blue,Casual,Party,Unisex,"Trousers, Boots","White, Red, Grey"
565,Shoes,Running Shoes,White,Formal,Office,Women,"Pants, Skirts","Black, White, Navy"
566,Dress,Leather Jacket,Blue,Sporty,Office,Unisex,"Blouses, Flats","White, Black"
567,Trousers,Cocktail Dress,White,Sporty,Casual,Unisex,"Shirts, Loafers","Black, White, Red"
568,Skirt,Running Shoes,Pink,Formal,Casual,Unisex,"Trousers, Boots","Black, White"
569,Jacket,Maxi Skirt,Blue,Sporty,Night Out,Unisex,"Trousers, Casual Jackets","Black, White, Navy"
570,Blouse,Leather Jacket,Grey,Casual,Office,Unisex,"Shirts, Loafers","Grey, Black, Blue"
571,Dress,Silk Blouse,Green,Formal,Gym,Women,"Jogger Pants, Shorts","White, Navy"
572,Jacket,Leather Jacket,Blue,Casual,Party,Unisex,"Hoodies, Sneakers","Black, White, Red"
573,Skirt,Chinos,Blue,Casual,Gym,Unisex,"Jogger Pants, Shorts","Black, White, Navy"
574,Skirt,Maxi Skirt,Blue,Casual,Casual,Men,"Pants, Skirts","Black, Grey, White"
575,Trousers,Chinos,Black,Formal,Office,Women,"T-shirts, Sneakers","Black, Grey, White"
576,Jacket,Leather Jacket,Black,Casual,Office,Unisex,"Pants, Skirts","White, Grey"
577,Dress,High Heels,Grey,Casual,Casual,Men,"Pants, Skirts","Black, White, Navy"
578,Trousers,Silk Blouse,Blue,Casual,Night Out,Men,"Hoodies, Sneakers","Grey, Black, Blue"
579,Jacket,Slim-fit Jeans,Red,Casual,Night Out,Women,"Heels, Jackets","Grey, Black, Blue"
580,Trousers,High Heels,Grey,Casual,Party,Men,"T-shirts, Sneakers","Black, White"
581,Skirt,Chinos,Red,Sporty,Casual,Women,"Dresses, Skirts","Black, White, Navy"
582,Dress,Slim-fit Jeans,Beige,Sporty,Casual,Unisex,"Dresses, Skirts","White, Beige, Red"
583,Dress,High Heels,Nude,Casual,Office,Unisex,"Blouses, Flats","Black, White, Red"
584,Shoes,Running Shoes,Red,Casual,Gym,Men,"T-shirts, Sneakers","White, Grey"
585,Trousers,Maxi Skirt,Green,Casual,Party,Unisex,"Jogger Pants, Shorts","Black, White"
586,Skirt,Jogger Pants,Grey,Formal,Gym,Men,"Blouses, Flats","Black, Grey, White"
587,Dress,Silk Blouse,White,Sporty,Night Out,Men,"Blouses, Flats","Black, Grey, White"
588,Trousers,Sneakers,Nude,Sporty,Party,Women,"Shirts, Loafers","Black, White"
589,Shoes,Sneakers,Pink,Sporty,Office,Women,"Heels, Jackets","Black, White, Red"
590,Dress,High Heels,White,Formal,Party,Men,"Trousers, Casual Jackets","White, Navy"
591,Skirt,Jogger Pants,Blue,Sporty,Party,Men,"Heels, Jackets","White, Red, Grey"
592,Shoes,Silk Blouse,Red,Sporty,Office,Unisex,"Blouses, Flats","Black, White, Red"
593,Skirt,Maxi Skirt,Black,Casual,Casual,Unisex,"Heels, Jackets","Black, White, Red"
594,Trousers,Sneakers,White,Sporty,Night Out,Men,"Jogger Pants, Shorts","Black, White"
595,Dress,High Heels,Red,Casual,Night Out,Unisex,"Hoodies, Sneakers","Grey, Black, Blue"
596,Dress,Maxi Skirt,Green,Sporty,Gym,Unisex,"Heels, Jackets","White, Black"
597,Dress,Slim-fit Jeans,Green,Casual,Office,Men,"Jogger Pants, Shorts","White, Navy"
598,Blouse,Slim-fit Jeans,Blue,Sporty,Party,Unisex,"Trousers, Casual Jackets","Grey, Black, Blue"
599,Skirt,Sneakers,Pink,Casual,Office,Men,"Shirts, Loafers","Black, White"
600,Shoes,Leather Jacket,Blue,Casual,Office,Unisex,"Shirts, Loafers","White, Black"
601,Skirt,Silk Blouse,Blue,Formal,Casual,Men,"Trousers, Boots","White, Navy"
602,Skirt,Chinos,White,Casual,Casual,Women,"Pants, Skirts","White, Black"
603,Trousers,Maxi Skirt,Black,Formal,Night Out,Unisex,"Trousers, Casual Jackets","Black, White, Red"
604,Dress,High Heels,Grey,Casual,Party,Unisex,"Trousers, Boots","Grey, Black, Blue"
605,Shoes,Cocktail Dress,Nude,Casual,Night Out,Unisex,"Shirts, Loafers","White, Black"
606,Dress,Jogger Pants,Nude,Sporty,Office,Unisex,"Shirts, Loafers","White, Red, Grey"
607,Jacket,Maxi Skirt,White,Casual,Casual,Unisex,"Pants, Skirts","White, Navy"
608,Trousers,Cocktail Dress,Beige,Formal,Gym,Women,"Dresses, Skirts","White, Grey"
609,Dress,Jogger Pants,Black,Casual,Casual,Women,"Shirts, Loafers","Black, White, Navy"
610,Trousers,Maxi Skirt,Beige,Sporty,Party,Men,"Pants, Skirts","Black, White, Red"
611,Blouse,Cocktail Dress,Green,Formal,Office,Unisex,"T-shirts, Sneakers","Black, Grey, White"
612,Jacket,Silk Blouse,Grey,Casual,Night Out,Unisex,"Hoodies, Sneakers","White, Navy"
613,Shoes,Chinos,Blue,Casual,Casual,Unisex,"Shirts, Loafers","Black, Grey, White"
614,Dress,Chinos,White,Casual,Casual,Unisex,"Hoodies, Sneakers","Black, Grey, White"
615,Trousers,Silk Blouse,Blue,Sporty,Casual,Unisex,"Shirts, Loafers","White, Beige, Red"
616,Jacket,Silk Blouse,White,Sporty,Gym,Unisex,"Jogger Pants, Shorts","Black, White, Red"
617,Dress,Running Shoes,Red,Casual,Party,Men,"Shirts, Loafers","Black, Grey, White"
618,Skirt,Sneakers,White,Sporty,Casual,Men,"Trousers, Boots","Black, White, Red"
619,Blouse,Maxi Skirt,Red,Formal,Casual,Unisex,"Blouses, Flats","Black, Grey, White"
620,Trousers,High Heels,Green,Formal,Night Out,Men,"Heels, Jackets","Black, White"
621,Skirt,Leather Jacket,Black,Formal,Casual,Unisex,"Jogger Pants, Shorts","White, Red, Grey"
622,Skirt,Chinos,Blue,Formal,Casual,Unisex,"T-shirts, Sneakers","Black, White, Red"
623,Shoes,Silk Blouse,Green,Formal,Party,Men,"Trousers, Boots","White, Navy"
624,Shoes,Chinos,Beige,Formal,Night Out,Unisex,"Hoodies, Sneakers","White, Red, Grey"
625,Dress,Jogger Pants,Nude,Sporty,Office,Men,"Hoodies, Sneakers","Black, White"
626,Jacket,High Heels,Black,Formal,Party,Women,"Jogger Pants, Shorts","White, Grey"
627,Dress,Silk Blouse,Red,Casual,Gym,Women,"Trousers, Casual Jackets","White, Beige, Red"
628,Shoes,Chinos,Pink,Formal,Gym,Women,"Hoodies, Sneakers","White, Black"
629,Blouse,Silk Blouse,Blue,Formal,Casual,Unisex,"Dresses, Skirts","Black, Grey, White"
630,Shoes,Chinos,Red,Sporty,Office,Women,"Blouses, Flats","White, Black"
631,Skirt,Chinos,Green,Formal,Night Out,Men,"Trousers, Boots","White, Grey"
632,Dress,High Heels,Nude,Casual,Gym,Unisex,"Blouses, Flats","White, Navy"
633,Shoes,High Heels,Green,Formal,Party,Women,"Trousers, Casual Jackets","White, Black"
634,Jacket,Maxi Skirt,Nude,Casual,Night Out,Women,"Trousers, Boots","Black, Grey, White"
635,Trousers,Sneakers,Nude,Formal,Party,Unisex,"T-shirts, Sneakers","Black, White, Navy"
636,Shoes,Maxi Skirt,Blue,Sporty,Gym,Women,"Hoodies, Sneakers","White, Red, Grey"
637,Jacket,Cocktail Dress,Nude,Sporty,Gym,Men,"Heels, Jackets","White, Beige, Red"
638,Shoes,Jogger Pants,Beige,Formal,Office,Women,"Blouses, Flats","Black, Grey, White"
639,Jacket,Silk Blouse,Red,Formal,Night Out,Women,"Shirts, Loafers","White, Red, Grey"
640,Skirt,Chinos,Green,Formal,Office,Men,"Shirts, Loafers","White, Grey"
641,Trousers,Maxi Skirt,Pink,Casual,Gym,Men,"Trousers, Boots","Black, Grey, White"
642,Jacket,Jogger Pants,Nude,Sporty,Casual,Unisex,"Trousers, Casual Jackets","White, Beige, Red"
643,Blouse,Chinos,Red,Sporty,Gym,Unisex,"Pants, Skirts","Black, White"
644,Skirt,Sneakers,White,Sporty,Party,Women,"Trousers, Boots","Black, White, Red"
645,Blouse,Cocktail Dress,Green,Sporty,Party,Men,"Blouses, Flats","White, Navy"
646,Skirt,Leather Jacket,Black,Formal,Night Out,Men,"Blouses, Flats","White, Black"
647,Skirt,Cocktail Dress,Red,Sporty,Casual,Women,"Hoodies, Sneakers","Black, Grey, White"
648,Blouse,High Heels,Pink,Casual,Night Out,Men,"Pants, Skirts","White, Black"
649,Jacket,Silk Blouse,Black,Formal,Gym,Men,"T-shirts, Sneakers","Black, Grey, White"
650,Blouse,Slim-fit Jeans,Blue,Casual,Party,Unisex,"Shirts, Loafers","Black, White, Navy"
651,Dress,Jogger Pants,Red,Casual,Night Out,Women,"Trousers, Casual Jackets","Black, White, Navy"
652,Dress,Slim-fit Jeans,Pink,Formal,Party,Women,"Trousers, Boots","Black, White"
653,Blouse,Leather Jacket,Nude,Casual,Gym,Women,"T-shirts, Sneakers","White, Black"
654,Trousers,Slim-fit Jeans,Grey,Sporty,Office,Women,"Hoodies, Sneakers","Black, Grey, White"
655,Blouse,Running Shoes,Blue,Sporty,Office,Women,"Hoodies, Sneakers","White, Grey"
656,Blouse,Leather Jacket,White,Formal,Party,Unisex,"Trousers, Casual Jackets","White, Black"
657,Trousers,Sneakers,Grey,Casual,Party,Unisex,"Hoodies, Sneakers","White, Red, Grey"
658,Blouse,Jogger Pants,Nude,Formal,Office,Men,"Shirts, Loafers","Black, White"
659,Shoes,Jogger Pants,White,Sporty,Office,Unisex,"Hoodies, Sneakers","White, Black"
660,Blouse,Chinos,Pink,Formal,Gym,Unisex,"Jogger Pants, Shorts","White, Red, Grey"
661,Jacket,High Heels,Grey,Casual,Party,Women,"Trousers, Boots","White, Black"
662,Blouse,Maxi Skirt,Red,Sporty,Office,Unisex,"Dresses, Skirts","Black, White"
663,Jacket,High Heels,Grey,Sporty,Office,Women,"Trousers, Casual Jackets","White, Navy"
664,Jacket,Maxi Skirt,Red,Casual,Party,Unisex,"Hoodies, Sneakers","White, Black"
665,Dress,Running Shoes,Black,Formal,Night Out,Women,"Trousers, Boots","White, Navy"
666,Shoes,Sneakers,Blue,Formal,Party,Women,"T-shirts, Sneakers","White, Black"
667,Trousers,Jogger Pants,Beige,Formal,Office,Men,"Trousers, Casual Jackets","White, Black"
668,Dress,Maxi Skirt,Beige,Casual,Party,Men,"Heels, Jackets","White, Navy"
669,Jacket,Maxi Skirt,Beige,Sporty,Party,Unisex,"Dresses, Skirts","White, Red, Grey"
670,Skirt,Sneakers,Pink,Formal,Gym,Unisex,"Trousers, Casual Jackets","Black, Grey, White"
671,Jacket,Jogger Pants,Black,Formal,Office,Men,"T-shirts, Sneakers","Black, White, Navy"
672,Jacket,Chinos,Nude,Formal,Party,Men,"T-shirts, Sneakers","White, Black"
673,Skirt,Leather Jacket,Nude,Sporty,Party,Men,"T-shirts, Sneakers","Grey, Black, Blue"
674,Blouse,Cocktail Dress,Pink,Sporty,Office,Women,"Jogger Pants, Shorts","Black, White, Red"
675,Blouse,Slim-fit Jeans,Black,Formal,Night Out,Women,"Dresses, Skirts","White, Beige, Red"
676,Jacket,Running Shoes,White,Sporty,Gym,Unisex,"T-shirts, Sneakers","White, Grey"
677,Dress,Cocktail Dress,Blue,Casual,Night Out,Women,"Jogger Pants, Shorts","Black, Grey, White"
678,Shoes,Chinos,Beige,Formal,Party,Unisex,"Trousers, Boots","White, Navy"
679,Skirt,Jogger Pants,Nude,Formal,Casual,Unisex,"Trousers, Casual Jackets","Black, White, Red"
680,Dress,Leather Jacket,Green,Sporty,Night Out,Women,"Shirts, Loafers","White, Black"
681,Skirt,Silk Blouse,Beige,Casual,Office,Unisex,"Heels, Jackets","Grey, Black, Blue"
682,Shoes,Chinos,Pink,Formal,Party,Men,"Shirts, Loafers","White, Beige, Red"
683,Blouse,High Heels,Pink,Casual,Gym,Men,"Shirts, Loafers","White, Navy"
684,Jacket,Silk Blouse,Black,Formal,Party,Men,"Heels, Jackets","Black, White, Navy"
685,Jacket,Maxi Skirt,Beige,Formal,Party,Women,"Dresses, Skirts","Grey, Black, Blue"
686,Blouse,Slim-fit Jeans,Green,Casual,Gym,Unisex,"Dresses, Skirts","White, Black"
687,Skirt,Leather Jacket,Beige,Casual,Party,Unisex,"Jogger Pants, Shorts","White, Navy"
688,Blouse,High Heels,Pink,Formal,Casual,Women,"Blouses, Flats","Black, White, Navy"
689,Blouse,Slim-fit Jeans,Black,Sporty,Casual,Men,"Pants, Skirts","Black, White, Navy"
690,Skirt,Slim-fit Jeans,Blue,Casual,Party,Men,"Trousers, Casual Jackets","Black, White, Navy"
691,Dress,Chinos,Black,Sporty,Gym,Women,"Heels, Jackets","White, Red, Grey"
692,Dress,Maxi Skirt,Nude,Formal,Casual,Unisex,"Dresses, Skirts","White, Grey"
693,Jacket,Maxi Skirt,Black,Sporty,Office,Unisex,"Trousers, Casual Jackets","White, Grey"
694,Skirt,Jogger Pants,Black,Formal,Casual,Men,"T-shirts, Sneakers","Grey, Black, Blue"
695,Shoes,Silk Blouse,Nude,Formal,Office,Women,"Jogger Pants, Shorts","White, Black"
696,Jacket,Leather Jacket,Pink,Formal,Party,Women,"Heels, Jackets","Grey, Black, Blue"
697,Dress,Chinos,Nude,Casual,Night Out,Unisex,"Heels, Jackets","White, Black"
698,Skirt,Silk Blouse,Pink,Sporty,Office,Men,"T-shirts, Sneakers","Black, White, Navy"
699,Jacket,Slim-fit Jeans,Beige,Casual,Office,Women,"Trousers, Boots","White, Red, Grey"
700,Jacket,Chinos,Beige,Formal,Gym,Women,"Dresses, Skirts","White, Red, Grey"
701,Dress,Running Shoes,Green,Formal,Office,Unisex,"Pants, Skirts","White, Black"
702,Shoes,Jogger Pants,Red,Formal,Office,Unisex,"Shirts, Loafers","White, Red, Grey"
703,Dress,Sneakers,Pink,Formal,Night Out,Unisex,"Hoodies, Sneakers","Grey, Black, Blue"
704,Shoes,Maxi Skirt,Beige,Sporty,Party,Women,"Hoodies, Sneakers","Black, Grey, White"
705,Dress,Jogger Pants,Blue,Formal,Gym,Men,"Pants, Skirts","Black, White, Navy"
706,Dress,Leather Jacket,Beige,Formal,Night Out,Men,"Heels, Jackets","White, Navy"
707,Shoes,Slim-fit Jeans,Nude,Formal,Gym,Unisex,"Jogger Pants, Shorts","White, Grey"
708,Jacket,High Heels,Black,Casual,Casual,Women,"Trousers, Boots","Black, White, Red"
709,Jacket,Maxi Skirt,Black,Sporty,Casual,Men,"Hoodies, Sneakers","White, Navy"
710,Trousers,Sneakers,Red,Casual,Office,Men,"T-shirts, Sneakers","Black, White, Navy"
711,Shoes,Leather Jacket,Green,Sporty,Party,Unisex,"Trousers, Boots","Black, White"
712,Skirt,Running Shoes,Nude,Sporty,Casual,Unisex,"T-shirts, Sneakers","Black, White, Red"
713,Blouse,Running Shoes,Nude,Formal,Night Out,Men,"Jogger Pants, Shorts","White, Grey"
714,Dress,Jogger Pants,Nude,Sporty,Party,Women,"Blouses, Flats","White, Navy"
715,Jacket,Cocktail Dress,Nude,Formal,Gym,Women,"Shirts, Loafers","Black, White, Red"
716,Dress,Chinos,Beige,Sporty,Gym,Men,"Trousers, Casual Jackets","Black, White"
717,Shoes,Leather Jacket,Blue,Formal,Party,Unisex,"Shirts, Loafers","Black, White, Navy"
718,Shoes,Silk Blouse,Blue,Casual,Night Out,Men,"Dresses, Skirts","Black, Grey, White"
719,Skirt,High Heels,Green,Formal,Gym,Men,"Trousers, Boots","Black, Grey, White"
720,Jacket,Maxi Skirt,Pink,Casual,Casual,Unisex,"Shirts, Loafers","Black, Grey, White"
721,Blouse,Running Shoes,Green,Casual,Night Out,Women,"Shirts, Loafers","White, Navy"
722,Shoes,Maxi Skirt,Beige,Casual,Party,Women,"Hoodies, Sneakers","White, Grey"
723,Trousers,Silk Blouse,Grey,Formal,Party,Women,"T-shirts, Sneakers","White, Grey"
724,Shoes,Chinos,White,Casual,Casual,Women,"Trousers, Casual Jackets","Grey, Black, Blue"
725,Jacket,Cocktail Dress,Blue,Sporty,Office,Unisex,"Pants, Skirts","Black, White, Red"
726,Jacket,Sneakers,Beige,Sporty,Office,Men,"Trousers, Boots","White, Beige, Red"
727,Blouse,Silk Blouse,Pink,Formal,Casual,Women,"T-shirts, Sneakers","White, Black"
728,Trousers,Jogger Pants,Grey,Casual,Gym,Women,"Trousers, Casual Jackets","White, Black"
729,Dress,High Heels,Beige,Casual,Gym,Women,"Jogger Pants, Shorts","White, Grey"
730,Shoes,Maxi Skirt,Nude,Formal,Office,Women,"Heels, Jackets","White, Beige, Red"
731,Blouse,Slim-fit Jeans,Black,Formal,Party,Unisex,"Pants, Skirts","White, Red, Grey"
732,Blouse,Slim-fit Jeans,White,Formal,Casual,Women,"Hoodies, Sneakers","White, Grey"
733,Dress,Slim-fit Jeans,Grey,Sporty,Gym,Men,"Heels, Jackets","Black, White, Navy"
734,Skirt,Running Shoes,Beige,Sporty,Office,Women,"Shirts, Loafers","Black, White"
735,Jacket,Sneakers,Beige,Formal,Office,Women,"Heels, Jackets","White, Red, Grey"
736,Skirt,Running Shoes,White,Sporty,Party,Men,"Heels, Jackets","Black, Grey, White"
737,Jacket,Jogger Pants,White,Sporty,Office,Men,"Trousers, Boots","White, Black"
738,Trousers,Leather Jacket,Green,Sporty,Party,Women,"Hoodies, Sneakers","Black, White, Navy"
739,Skirt,High Heels,Pink,Casual,Office,Men,"Jogger Pants, Shorts","White, Beige, Red"
740,Jacket,Slim-fit Jeans,Red,Casual,Gym,Unisex,"Shirts, Loafers","Black, White"
741,Trousers,Silk Blouse,Red,Sporty,Casual,Men,"Blouses, Flats","White, Grey"
742,Dress,Maxi Skirt,Pink,Sporty,Party,Women,"Shirts, Loafers","White, Grey"
743,Skirt,Running Shoes,Grey,Casual,Casual,Unisex,"Hoodies, Sneakers","White, Navy"
744,Trousers,Leather Jacket,Red,Formal,Party,Men,"Hoodies, Sneakers","Grey, Black, Blue"
745,Skirt,High Heels,Nude,Sporty,Night Out,Women,"Dresses, Skirts","White, Red, Grey"
746,Shoes,Maxi Skirt,Black,Sporty,Gym,Unisex,"Trousers, Casual Jackets","Black, White, Red"
747,Dress,Sneakers,Green,Casual,Gym,Unisex,"Trousers, Boots","White, Black"
748,Blouse,Chinos,Grey,Casual,Night Out,Women,"Trousers, Boots","Black, Grey, White"
749,Skirt,Cocktail Dress,Black,Sporty,Office,Unisex,"Pants, Skirts","White, Grey"
750,Trousers,Jogger Pants,White,Formal,Party,Men,"Dresses, Skirts","White, Grey"
751,Trousers,Slim-fit Jeans,Grey,Casual,Office,Men,"Trousers, Casual Jackets","Grey, Black, Blue"
752,Blouse,Chinos,Blue,Formal,Night Out,Unisex,"T-shirts, Sneakers","Black, White, Red"
753,Dress,Leather Jacket,Pink,Sporty,Gym,Women,"Trousers, Casual Jackets","White, Beige, Red"
754,Blouse,Leather Jacket,Black,Sporty,Gym,Men,"Trousers, Casual Jackets","Grey, Black, Blue"
755,Jacket,Cocktail Dress,Black,Formal,Casual,Unisex,"T-shirts, Sneakers","Black, White, Red"
756,Jacket,Jogger Pants,White,Casual,Casual,Unisex,"Blouses, Flats","White, Grey"
757,Dress,Leather Jacket,Red,Casual,Party,Unisex,"Jogger Pants, Shorts","White, Red, Grey"
758,Skirt,Slim-fit Jeans,Black,Formal,Party,Men,"Trousers, Casual Jackets","Black, White, Navy"
759,Trousers,Cocktail Dress,Blue,Sporty,Party,Men,"Hoodies, Sneakers","White, Black"
760,Skirt,Maxi Skirt,Green,Casual,Party,Women,"Trousers, Casual Jackets","White, Beige, Red"
761,Dress,Slim-fit Jeans,Black,Casual,Party,Men,"T-shirts, Sneakers","Grey, Black, Blue"
762,Trousers,High Heels,Green,Casual,Party,Women,"Trousers, Casual Jackets","Black, White, Navy"
763,Shoes,Jogger Pants,Black,Casual,Party,Unisex,"Dresses, Skirts","White, Black"
764,Shoes,Maxi Skirt,Beige,Sporty,Night Out,Unisex,"Blouses, Flats","Black, White, Navy"
765,Trousers,Running Shoes,Black,Casual,Gym,Unisex,"Shirts, Loafers","Black, White, Navy"
766,Trousers,Silk Blouse,Grey,Sporty,Night Out,Unisex,"Trousers, Casual Jackets","White, Red, Grey"
767,Blouse,Sneakers,Beige,Sporty,Night Out,Men,"Jogger Pants, Shorts","Grey, Black, Blue"
768,Trousers,Chinos,Pink,Sporty,Party,Men,"Hoodies, Sneakers","White, Red, Grey"
769,Trousers,Silk Blouse,Red,Casual,Office,Women,"Heels, Jackets","Black, Grey, White"
770,Skirt,High Heels,Blue,Sporty,Night Out,Men,"Blouses, Flats","Grey, Black, Blue"
771,Shoes,Jogger Pants,Grey,Formal,Party,Women,"Shirts, Loafers","Black, White, Red"
772,Skirt,Slim-fit Jeans,White,Casual,Casual,Women,"Blouses, Flats","White, Black"
773,Jacket,Leather Jacket,Pink,Formal,Gym,Women,"Trousers, Casual Jackets","Black, White, Navy"
774,Jacket,Slim-fit Jeans,Green,Sporty,Office,Women,"Trousers, Casual Jackets","White, Black"
775,Blouse,Silk Blouse,Pink,Casual,Casual,Men,"Trousers, Casual Jackets","Black, White, Red"
776,Trousers,Chinos,Grey,Casual,Office,Women,"Jogger Pants, Shorts","Black, White, Red"
777,Jacket,Maxi Skirt,Nude,Casual,Party,Women,"Trousers, Boots","White, Grey"
778,Shoes,Slim-fit Jeans,White,Formal,Party,Men,"Trousers, Boots","White, Grey"
779,Dress,Cocktail Dress,Beige,Formal,Party,Women,"Jogger Pants, Shorts","Black, White, Red"
780,Shoes,Leather Jacket,Pink,Casual,Party,Women,"Jogger Pants, Shorts","White, Red, Grey"
781,Jacket,Sneakers,Pink,Formal,Casual,Men,"Pants, Skirts","Black, White"
782,Dress,Jogger Pants,Grey,Sporty,Office,Men,"Blouses, Flats","Black, Grey, White"
783,Blouse,Jogger Pants,Black,Formal,Gym,Unisex,"Blouses, Flats","Black, White"
784,Jacket,Chinos,Black,Sporty,Gym,Women,"Jogger Pants, Shorts","Black, White, Red"
785,Shoes,Chinos,Pink,Formal,Gym,Men,"Dresses, Skirts","White, Beige, Red"
786,Jacket,High Heels,Blue,Sporty,Party,Unisex,"Trousers, Boots","Grey, Black, Blue"
787,Trousers,Running Shoes,Nude,Sporty,Office,Women,"Trousers, Casual Jackets","Black, White, Red"
788,Blouse,Maxi Skirt,Green,Sporty,Party,Women,"Trousers, Boots","White, Navy"
789,Blouse,Sneakers,Red,Casual,Night Out,Men,"T-shirts, Sneakers","Grey, Black, Blue"
790,Trousers,Slim-fit Jeans,Blue,Sporty,Party,Women,"Trousers, Casual Jackets","White, Red, Grey"
791,Blouse,Running Shoes,Red,Formal,Casual,Unisex,"Hoodies, Sneakers","Grey, Black, Blue"
792,Shoes,Chinos,Black,Formal,Party,Men,"Hoodies, Sneakers","Black, White, Navy"
793,Blouse,High Heels,Beige,Sporty,Office,Women,"Trousers, Casual Jackets","Grey, Black, Blue"
794,Shoes,High Heels,Green,Sporty,Office,Unisex,"Dresses, Skirts","Black, White, Red"
795,Jacket,Slim-fit Jeans,Black,Formal,Office,Unisex,"Hoodies, Sneakers","Black, White, Red"
796,Dress,Slim-fit Jeans,Black,Sporty,Office,Women,"Heels, Jackets","White, Navy"
797,Blouse,Leather Jacket,Pink,Formal,Office,Unisex,"Hoodies, Sneakers","White, Grey"
798,Blouse,Running Shoes,Black,Casual,Party,Women,"Blouses, Flats","Black, Grey, White"
799,Blouse,Cocktail Dress,Red,Casual,Gym,Men,"T-shirts, Sneakers","White, Black"
800,Dress,Running Shoes,Red,Sporty,Gym,Unisex,"Trousers, Casual Jackets","Black, Grey, White"
801,Trousers,Chinos,Pink,Formal,Office,Men,"Dresses, Skirts","White, Navy"
802,Jacket,Jogger Pants,White,Sporty,Gym,Unisex,"Trousers, Casual Jackets","White, Navy"
803,Dress,Running Shoes,Nude,Casual,Gym,Unisex,"Trousers, Boots","Grey, Black, Blue"
804,Dress,Maxi Skirt,Grey,Casual,Party,Women,"Blouses, Flats","Grey, Black, Blue"
805,Trousers,Sneakers,Grey,Casual,Night Out,Women,"Jogger Pants, Shorts","Black, White, Red"
806,Skirt,Cocktail Dress,Blue,Formal,Night Out,Unisex,"Trousers, Casual Jackets","White, Black"
807,Blouse,Maxi Skirt,Green,Casual,Night Out,Unisex,"Blouses, Flats","Black, White"
808,Blouse,High Heels,Red,Sporty,Office,Men,"Shirts, Loafers","White, Black"
809,Blouse,Silk Blouse,Red,Casual,Gym,Unisex,"Jogger Pants, Shorts","White, Beige, Red"
810,Jacket,Sneakers,Grey,Casual,Office,Men,"T-shirts, Sneakers","Grey, Black, Blue"
811,Blouse,Running Shoes,Grey,Casual,Office,Women,"Dresses, Skirts","White, Black"
812,Shoes,Maxi Skirt,Red,Sporty,Gym,Unisex,"Pants, Skirts","Black, Grey, White"
813,Blouse,High Heels,Blue,Formal,Office,Unisex,"Shirts, Loafers","White, Navy"
814,Shoes,Maxi Skirt,Red,Formal,Gym,Men,"Trousers, Boots","White, Grey"
815,Dress,Sneakers,White,Sporty,Gym,Women,"Trousers, Casual Jackets","Grey, Black, Blue"
816,Skirt,Running Shoes,Grey,Sporty,Gym,Unisex,"Heels, Jackets","White, Black"
817,Trousers,Slim-fit Jeans,Pink,Casual,Casual,Men,"Dresses, Skirts","Black, White"
818,Dress,Chinos,Pink,Sporty,Casual,Unisex,"Blouses, Flats","White, Red, Grey"
819,Shoes,Slim-fit Jeans,White,Sporty,Casual,Unisex,"Dresses, Skirts","White, Black"
820,Blouse,Sneakers,Beige,Casual,Gym,Unisex,"T-shirts, Sneakers","White, Red, Grey"
821,Jacket,Chinos,Beige,Sporty,Party,Women,"Dresses, Skirts","Black, White, Navy"
822,Shoes,Maxi Skirt,Red,Casual,Office,Men,"Trousers, Boots","Grey, Black, Blue"
823,Blouse,Cocktail Dress,Grey,Formal,Casual,Men,"Hoodies, Sneakers","Grey, Black, Blue"
824,Trousers,High Heels,Grey,Casual,Casual,Men,"Pants, Skirts","White, Black"
825,Trousers,Running Shoes,White,Sporty,Night Out,Unisex,"Shirts, Loafers","Black, White, Navy"
826,Trousers,Cocktail Dress,Nude,Formal,Casual,Unisex,"T-shirts, Sneakers","Black, White"
827,Trousers,Chinos,White,Casual,Night Out,Unisex,"Shirts, Loafers","Grey, Black, Blue"
828,Dress,Silk Blouse,Beige,Formal,Gym,Unisex,"Pants, Skirts","Black, White, Navy"
829,Dress,Running Shoes,Beige,Casual,Gym,Women,"Blouses, Flats","White, Red, Grey"
830,Dress,Leather Jacket,Beige,Casual,Gym,Men,"Dresses, Skirts","White, Beige, Red"
831,Jacket,High Heels,Grey,Formal,Gym,Women,"Dresses, Skirts","White, Grey"
832,Blouse,Cocktail Dress,Blue,Formal,Casual,Unisex,"Jogger Pants, Shorts","White, Black"
833,Jacket,Silk Blouse,Blue,Formal,Night Out,Women,"Blouses, Flats","White, Red, Grey"
834,Skirt,Cocktail Dress,Green,Formal,Gym,Unisex,"Shirts, Loafers","White, Navy"
835,Skirt,Sneakers,Grey,Sporty,Casual,Women,"Trousers, Boots","Black, White"
836,Trousers,Cocktail Dress,Beige,Casual,Casual,Women,"Blouses, Flats","White, Red, Grey"
837,Jacket,Chinos,Red,Sporty,Night Out,Women,"Shirts, Loafers","White, Red, Grey"
838,Shoes,Jogger Pants,Pink,Casual,Night Out,Unisex,"Pants, Skirts","White, Navy"
839,Shoes,Silk Blouse,Pink,Sporty,Casual,Women,"Heels, Jackets","White, Black"
840,Trousers,Jogger Pants,Nude,Formal,Office,Unisex,"Jogger Pants, Shorts","White, Beige, Red"
841,Jacket,Maxi Skirt,Red,Sporty,Office,Unisex,"Heels, Jackets","White, Navy"
842,Skirt,Running Shoes,Blue,Formal,Party,Women,"Trousers, Boots","Black, Grey, White"
843,Blouse,Leather Jacket,Nude,Formal,Office,Women,"Blouses, Flats","Black, Grey, White"
844,Skirt,Slim-fit Jeans,Beige,Sporty,Party,Men,"Heels, Jackets","Grey, Black, Blue"
845,Blouse,Maxi Skirt,Pink,Sporty,Casual,Unisex,"Trousers, Boots","White, Navy"
846,Trousers,High Heels,White,Casual,Office,Unisex,"Trousers, Casual Jackets","Black, White, Red"
847,Blouse,Jogger Pants,Beige,Casual,Gym,Men,"Trousers, Boots","White, Black"
848,Blouse,Running Shoes,Beige,Sporty,Gym,Men,"T-shirts, Sneakers","White, Red, Grey"
849,Shoes,Maxi Skirt,Beige,Formal,Office,Women,"Trousers, Boots","Black, White, Red"
850,Blouse,High Heels,Green,Formal,Office,Women,"Dresses, Skirts","White, Beige, Red"
851,Skirt,Chinos,Green,Casual,Night Out,Women,"Trousers, Boots","White, Beige, Red"
852,Blouse,Sneakers,Grey,Formal,Night Out,Women,"T-shirts, Sneakers","Black, White"
853,Jacket,Silk Blouse,Red,Sporty,Night Out,Women,"Trousers, Casual Jackets","Black, White, Red"
854,Dress,Jogger Pants,Black,Casual,Casual,Men,"Trousers, Boots","Grey, Black, Blue"
855,Trousers,Running Shoes,Pink,Casual,Party,Unisex,"Dresses, Skirts","White, Navy"
856,Jacket,Silk Blouse,Nude,Casual,Office,Men,"Hoodies, Sneakers","White, Grey"
857,Shoes,Sneakers,Red,Casual,Gym,Women,"Heels, Jackets","White, Navy"
858,Trousers,Maxi Skirt,White,Formal,Party,Unisex,"Hoodies, Sneakers","Grey, Black, Blue"
859,Dress,Sneakers,Nude,Sporty,Casual,Men,"T-shirts, Sneakers","White, Grey"
860,Trousers,Running Shoes,Blue,Casual,Casual,Women,"Jogger Pants, Shorts","White, Grey"
861,Jacket,Sneakers,Black,Casual,Office,Unisex,"Blouses, Flats","White, Black"
862,Skirt,High Heels,Beige,Sporty,Party,Unisex,"Dresses, Skirts","White, Red, Grey"
863,Shoes,Sneakers,Blue,Formal,Party,Men,"Pants, Skirts","Black, Grey, White"
864,Skirt,Jogger Pants,Pink,Formal,Gym,Women,"Shirts, Loafers","Black, White, Red"
865,Blouse,High Heels,Grey,Sporty,Office,Men,"Pants, Skirts","Black, White, Red"
866,Trousers,Jogger Pants,Beige,Casual,Night Out,Men,"Shirts, Loafers","White, Grey"
867,Jacket,Maxi Skirt,Red,Casual,Party,Men,"Hoodies, Sneakers","Black, White, Navy"
868,Skirt,High Heels,Green,Sporty,Office,Unisex,"Trousers, Casual Jackets","Black, White, Navy"
869,Blouse,Slim-fit Jeans,Nude,Sporty,Casual,Women,"Trousers, Boots","White, Grey"
870,Trousers,Maxi Skirt,White,Formal,Casual,Men,"Shirts, Loafers","White, Grey"
871,Blouse,Cocktail Dress,Blue,Formal,Night Out,Men,"Jogger Pants, Shorts","Black, White"
872,Blouse,Cocktail Dress,Green,Casual,Casual,Women,"Dresses, Skirts","Grey, Black, Blue"
873,Blouse,Jogger Pants,Grey,Casual,Night Out,Unisex,"Shirts, Loafers","Black, Grey, White"
874,Blouse,Leather Jacket,Blue,Sporty,Gym,Women,"Jogger Pants, Shorts","White, Navy"
875,Blouse,Cocktail Dress,Grey,Sporty,Gym,Unisex,"Heels, Jackets","Black, White, Navy"
876,Dress,High Heels,Red,Formal,Office,Women,"Shirts, Loafers","White, Black"
877,Trousers,Chinos,Blue,Sporty,Gym,Unisex,"Dresses, Skirts","White, Black"
878,Jacket,Slim-fit Jeans,Red,Casual,Gym,Unisex,"Shirts, Loafers","Black, Grey, White"
879,Shoes,High Heels,Grey,Formal,Gym,Unisex,"Blouses, Flats","Black, Grey, White"
880,Trousers,Leather Jacket,Green,Sporty,Casual,Women,"Shirts, Loafers","Black, White"
881,Dress,Slim-fit Jeans,White,Formal,Party,Unisex,"Pants, Skirts","Black, White, Red"
882,Skirt,Maxi Skirt,Blue,Casual,Gym,Men,"Shirts, Loafers","Black, Grey, White"
883,Jacket,Leather Jacket,Pink,Sporty,Casual,Men,"Hoodies, Sneakers","Black, White"
884,Trousers,High Heels,Pink,Sporty,Party,Women,"Shirts, Loafers","Black, White, Red"
885,Dress,High Heels,Blue,Formal,Party,Women,"Trousers, Casual Jackets","Black, White, Red"
886,Blouse,Maxi Skirt,Beige,Formal,Casual,Men,"Trousers, Casual Jackets","White, Beige, Red"
887,Blouse,Slim-fit Jeans,Beige,Sporty,Night Out,Men,"Trousers, Casual Jackets","White, Navy"
888,Jacket,Slim-fit Jeans,Green,Sporty,Night Out,Unisex,"Dresses, Skirts","Black, White"
889,Shoes,Chinos,Blue,Formal,Night Out,Women,"Blouses, Flats","Black, White"
890,Shoes,High Heels,Nude,Formal,Casual,Men,"Heels, Jackets","White, Red, Grey"
891,Skirt,Jogger Pants,White,Casual,Night Out,Men,"Heels, Jackets","Black, White"
892,Blouse,High Heels,Beige,Formal,Party,Women,"Jogger Pants, Shorts","Grey, Black, Blue"
893,Skirt,High Heels,Nude,Formal,Night Out,Women,"Blouses, Flats","Black, Grey, White"
894,Trousers,Slim-fit Jeans,Blue,Sporty,Office,Men,"Jogger Pants, Shorts","Black, White, Red"
895,Shoes,Maxi Skirt,Grey,Sporty,Casual,Unisex,"Pants, Skirts","White, Grey"
896,Dress,Maxi Skirt,Blue,Casual,Night Out,Women,"Trousers, Boots","White, Navy"
897,Blouse,High Heels,Grey,Sporty,Party,Unisex,"Trousers, Casual Jackets","Black, Grey, White"
898,Skirt,Jogger Pants,Nude,Sporty,Office,Unisex,"Jogger Pants, Shorts","White, Grey"
899,Blouse,Leather Jacket,Pink,Formal,Office,Men,"Pants, Skirts","Black, White, Red"
900,Trousers,Maxi Skirt,Green,Formal,Office,Men,"Hoodies, Sneakers","White, Black"
901,Shoes,Maxi Skirt,Blue,Formal,Gym,Women,"Jogger Pants, Shorts","Black, White"
902,Blouse,Maxi Skirt,Grey,Formal,Office,Men,"Trousers, Casual Jackets","Black, White, Red"
903,Blouse,Maxi Skirt,Grey,Formal,Night Out,Women,"Heels, Jackets","White, Black"
904,Blouse,Sneakers,Grey,Formal,Party,Women,"Blouses, Flats","Grey, Black, Blue"
905,Shoes,Running Shoes,Pink,Casual,Night Out,Unisex,"Trousers, Boots","White, Red, Grey"
906,Blouse,Sneakers,Blue,Casual,Gym,Women,"Trousers, Boots","Grey, Black, Blue"
907,Jacket,Slim-fit Jeans,Blue,Formal,Gym,Women,"T-shirts, Sneakers","Black, White, Navy"
908,Dress,Chinos,Grey,Formal,Night Out,Unisex,"Trousers, Casual Jackets","Black, White, Red"
909,Dress,Leather Jacket,Pink,Casual,Casual,Women,"T-shirts, Sneakers","White, Grey"
910,Jacket,High Heels,Grey,Casual,Gym,Women,"Hoodies, Sneakers","White, Navy"
911,Blouse,Running Shoes,Green,Sporty,Office,Men,"Trousers, Boots","White, Navy"
912,Dress,Silk Blouse,Red,Casual,Gym,Women,"Jogger Pants, Shorts","White, Navy"
913,Jacket,Maxi Skirt,Green,Formal,Casual,Unisex,"Heels, Jackets","Black, White, Navy"
914,Trousers,Slim-fit Jeans,Grey,Sporty,Night Out,Men,"Trousers, Casual Jackets","Black, White"
915,Dress,Cocktail Dress,Nude,Sporty,Gym,Unisex,"Hoodies, Sneakers","White, Grey"
916,Shoes,Chinos,White,Formal,Party,Unisex,"Shirts, Loafers","White, Beige, Red"
917,Dress,Maxi Skirt,Beige,Sporty,Casual,Unisex,"Dresses, Skirts","White, Red, Grey"
918,Dress,Running Shoes,Red,Casual,Gym,Men,"Jogger Pants, Shorts","White, Red, Grey"
919,Trousers,Slim-fit Jeans,Nude,Sporty,Casual,Women,"T-shirts, Sneakers","White, Grey"
920,Dress,Slim-fit Jeans,Green,Casual,Office,Unisex,"Trousers, Casual Jackets","Black, White, Red"
921,Dress,Jogger Pants,Red,Formal,Party,Women,"Trousers, Casual Jackets","White, Grey"
922,Trousers,Silk Blouse,Grey,Casual,Office,Men,"T-shirts, Sneakers","Black, White"
923,Shoes,Jogger Pants,Green,Casual,Party,Unisex,"Shirts, Loafers","Black, White, Navy"
924,Trousers,Silk Blouse,Green,Casual,Office,Unisex,"Pants, Skirts","White, Grey"
925,Trousers,Cocktail Dress,Red,Casual,Casual,Men,"Dresses, Skirts","Black, White, Navy"
926,Shoes,Slim-fit Jeans,White,Casual,Party,Unisex,"Blouses, Flats","White, Beige, Red"
927,Skirt,Jogger Pants,White,Sporty,Night Out,Men,"Heels, Jackets","White, Red, Grey"
928,Dress,Leather Jacket,Blue,Casual,Night Out,Men,"T-shirts, Sneakers","White, Beige, Red"
929,Dress,Maxi Skirt,Blue,Casual,Gym,Women,"Trousers, Boots","Black, White"
930,Trousers,Sneakers,White,Casual,Party,Men,"Dresses, Skirts","Black, Grey, White"
931,Trousers,Cocktail Dress,Black,Sporty,Gym,Men,"Pants, Skirts","Black, Grey, White"
932,Dress,Running Shoes,Beige,Casual,Party,Men,"Blouses, Flats","White, Grey"
933,Shoes,Silk Blouse,Green,Formal,Casual,Unisex,"Blouses, Flats","White, Grey"
934,Dress,Leather Jacket,White,Sporty,Gym,Unisex,"Trousers, Casual Jackets","White, Black"
935,Shoes,Slim-fit Jeans,Beige,Sporty,Night Out,Unisex,"Heels, Jackets","White, Red, Grey"
936,Skirt,Chinos,Grey,Formal,Office,Unisex,"T-shirts, Sneakers","White, Red, Grey"
937,Jacket,Jogger Pants,Nude,Formal,Office,Women,"Trousers, Boots","White, Beige, Red"
938,Jacket,Sneakers,Beige,Formal,Casual,Women,"T-shirts, Sneakers","Black, Grey, White"
939,Trousers,Silk Blouse,Black,Sporty,Casual,Men,"Shirts, Loafers","Black, Grey, White"
940,Dress,Leather Jacket,White,Casual,Office,Men,"Trousers, Boots","White, Black"
941,Blouse,Silk Blouse,Grey,Sporty,Gym,Women,"Pants, Skirts","Black, White, Navy"
942,Jacket,Silk Blouse,Red,Formal,Gym,Women,"Heels, Jackets","White, Beige, Red"
943,Trousers,Slim-fit Jeans,Pink,Casual,Party,Men,"Pants, Skirts","Black, Grey, White"
944,Jacket,Leather Jacket,Nude,Sporty,Office,Men,"Trousers, Boots","Black, Grey, White"
945,Skirt,Maxi Skirt,Grey,Casual,Night Out,Women,"Trousers, Casual Jackets","White, Black"
946,Dress,Maxi Skirt,Grey,Casual,Gym,Men,"Blouses, Flats","Black, White"
947,Dress,Chinos,Black,Sporty,Party,Men,"Hoodies, Sneakers","Black, Grey, White"
948,Skirt,Leather Jacket,Green,Sporty,Casual,Women,"Heels, Jackets","White, Navy"
949,Blouse,Silk Blouse,Grey,Casual,Night Out,Women,"Blouses, Flats","Grey, Black, Blue"
950,Skirt,Cocktail Dress,Black,Formal,Party,Men,"Shirts, Loafers","White, Red, Grey"
951,Dress,Chinos,Blue,Formal,Night Out,Unisex,"Trousers, Boots","White, Grey"
952,Jacket,Silk Blouse,Pink,Formal,Party,Women,"Pants, Skirts","Black, White, Red"
953,Blouse,Chinos,Red,Formal,Gym,Unisex,"Shirts, Loafers","White, Navy"
954,Blouse,Leather Jacket,Pink,Sporty,Office,Unisex,"Hoodies, Sneakers","White, Grey"
955,Trousers,Silk Blouse,Beige,Formal,Casual,Unisex,"Blouses, Flats","White, Grey"
956,Dress,Cocktail Dress,Black,Sporty,Office,Women,"Jogger Pants, Shorts","White, Black"
957,Jacket,Maxi Skirt,Red,Sporty,Night Out,Unisex,"Jogger Pants, Shorts","Black, White, Navy"
958,Blouse,Sneakers,Grey,Sporty,Gym,Women,"Shirts, Loafers","Black, White, Navy"
959,Skirt,Chinos,Grey,Casual,Casual,Men,"Hoodies, Sneakers","White, Navy"
960,Skirt,Sneakers,Red,Sporty,Party,Women,"Blouses, Flats","White, Red, Grey"
961,Jacket,Chinos,Nude,Sporty,Office,Men,"Pants, Skirts","Black, Grey, White"
962,Dress,Leather Jacket,Red,Casual,Night Out,Women,"Heels, Jackets","Black, White, Navy"
963,Skirt,Cocktail Dress,Pink,Casual,Office,Men,"Heels, Jackets","Black, White, Red"
964,Trousers,Maxi Skirt,Blue,Formal,Office,Men,"Dresses, Skirts","White, Navy"
965,Jacket,Leather Jacket,White,Sporty,Night Out,Unisex,"Heels, Jackets","White, Beige, Red"
966,Skirt,Slim-fit Jeans,Red,Formal,Casual,Unisex,"Hoodies, Sneakers","White, Red, Grey"
967,Blouse,Jogger Pants,Pink,Formal,Night Out,Unisex,"Blouses, Flats","White, Black"
968,Jacket,Running Shoes,Black,Formal,Night Out,Unisex,"Jogger Pants, Shorts","White, Black"
969,Shoes,Silk Blouse,Pink,Formal,Night Out,Men,"Shirts, Loafers","Black, White, Navy"
970,Trousers,Running Shoes,Black,Casual,Casual,Women,"Trousers, Boots","Black, White, Red"
971,Dress,Slim-fit Jeans,Nude,Casual,Party,Unisex,"Jogger Pants, Shorts","White, Red, Grey"
972,Skirt,Cocktail Dress,Nude,Formal,Party,Men,"Trousers, Boots","White, Beige, Red"
973,Blouse,Jogger Pants,Pink,Formal,Party,Women,"Hoodies, Sneakers","Black, White, Red"
974,Trousers,High Heels,Blue,Formal,Gym,Unisex,"Hoodies, Sneakers","White, Black"
975,Trousers,Slim-fit Jeans,Beige,Casual,Gym,Women,"Dresses, Skirts","White, Red, Grey"
976,Skirt,Jogger Pants,Red,Casual,Night Out,Women,"Dresses, Skirts","White, Grey"
977,Trousers,Sneakers,Pink,Casual,Night Out,Men,"T-shirts, Sneakers","White, Navy"
978,Dress,Silk Blouse,Beige,Formal,Party,Unisex,"Hoodies, Sneakers","White, Red, Grey"
979,Skirt,Running Shoes,Green,Casual,Gym,Unisex,"Heels, Jackets","White, Grey"
980,Trousers,Sneakers,Black,Casual,Party,Men,"Dresses, Skirts","Black, Grey, White"
981,Trousers,Sneakers,Blue,Sporty,Party,Men,"Blouses, Flats","Grey, Black, Blue"
982,Blouse,Silk Blouse,Red,Formal,Office,Women,"Dresses, Skirts","Black, White"
983,Skirt,Leather Jacket,White,Sporty,Office,Unisex,"Trousers, Casual Jackets","Black, White"
984,Skirt,Running Shoes,Red,Casual,Casual,Men,"Trousers, Boots","Black, White, Navy"
985,Shoes,Cocktail Dress,Grey,Sporty,Casual,Women,"Pants, Skirts","Black, White, Red"
986,Dress,Silk Blouse,Beige,Sporty,Party,Women,"Hoodies, Sneakers","Black, White, Navy"
987,Blouse,Silk Blouse,White,Formal,Party,Women,"Trousers, Casual Jackets","White, Black"
988,Skirt,Jogger Pants,Pink,Casual,Office,Unisex,"Blouses, Flats","Black, Grey, White"
989,Shoes,Silk Blouse,Grey,Formal,Office,Women,"Trousers, Casual Jackets","Black, Grey, White"
990,Dress,Sneakers,Grey,Formal,Night Out,Unisex,"Dresses, Skirts","Black, White"
991,Blouse,Maxi Skirt,Nude,Sporty,Party,Unisex,"Shirts, Loafers","Grey, Black, Blue"
992,Shoes,Cocktail Dress,Beige,Formal,Night Out,Men,"T-shirts, Sneakers","Black, White, Navy"
993,Trousers,Jogger Pants,Green,Casual,Casual,Women,"Shirts, Loafers","White, Navy"
994,Trousers,Slim-fit Jeans,Black,Casual,Gym,Men,"T-shirts, Sneakers","White, Grey"
995,Dress,Leather Jacket,Nude,Sporty,Office,Women,"Blouses, Flats","Black, White"
996,Dress,Jogger Pants,Nude,Casual,Gym,Women,"Jogger Pants, Shorts","Black, White, Red"
997,Shoes,Cocktail Dress,Green,Sporty,Casual,Men,"T-shirts, Sneakers","White, Black"
998,Skirt,High Heels,Black,Formal,Night Out,Unisex,"Trousers, Boots","Grey, Black, Blue"
999,Trousers,Maxi Skirt,Blue,Casual,Night Out,Unisex,"Heels, Jackets","Black, White"
1000,Jacket,Running Shoes,Black,Casual,Night Out,Women,"Trousers, Boots","Black, White, Red"
6,Top,Graphic T-shirt,White,Streetwear,Casual,Unisex,"Denim Jacket, Sneakers","Black, Blue, Grey"
7,Outerwear,Blazer,Navy,Business Casual,Office,Men,"Dress Pants, Oxford Shoes","White, Grey, Black"
8,Dress,Sundress,Yellow,Bohemian,Beach,Women,"Sandals, Straw Hat","Beige, White, Brown"
9,Top,Kurta,Green,Traditional,Festive,Men,"Dhoti Pants, Sandals","Gold, White, Red"
10,Shoes,Combat Boots,Black,Streetwear,Casual,Unisex,"Leather Jacket, Skinny Jeans","Grey, White, Navy"
11,Top,Blouse,Pink,Business Casual,Office,Women,"Pencil Skirt, Heels","Navy, Black, White"
12,Dress,Evening Gown,Red,Formal,Party,Women,"Heels, Clutch","Silver, Black, Gold"
13,Shoes,Loafers,Brown,Preppy,Office,Men,"Chinos, Cardigan","Beige, Navy, White"
14,Outerwear,Leather Jacket,Black,Streetwear,Casual,Unisex,"Ripped Jeans, Boots","Grey, White, Blue"
15,Trousers,Palazzo Pants,Blue,Bohemian,Resort,Women,"Crop Top, Flats","White, Beige, Brown"
